feature,importance,rank
day_night_flag_roll_std_24h,2.2708346e-06,1
powdery_mildew__disease_present_flag,1.9632569e-06,2
early_blight__disease_present_flag,1.7213179e-06,3
early_blight__infection_roll_std_24h,1.4250828e-06,4
leaf_mold__infection_roll_std_24h,1.4165375e-06,5
day_night_flag_roll_mean_24h,1.4138623e-06,6
early_blight__infection_roll_std_6h,1.403821e-06,7
early_blight__infection_roll_std_12h,1.3486806e-06,8
powdery_mildew__infection_roll_std_6h,1.3118856e-06,9
early_blight__infection_roll_mean_6h,1.2963415e-06,10
early_blight__infection_lag_3,1.2909728e-06,11
early_blight__infection_lag_12,1.2696022e-06,12
early_blight__infection_roll_max_24h,1.2563166e-06,13
leaf_mold__infection_roll_std_12h,1.2551451e-06,14
hours_since_onset_lag_1,1.2461923e-06,15
early_blight__infection_roll_mean_12h,1.2160882e-06,16
powdery_mildew__infection_roll_std_24h,1.1938265e-06,17
early_blight__infection_lag_6,1.1824865e-06,18
early_blight__infection_lag_24,1.1761331e-06,19
hours_in_current_stage,1.1701727e-06,20
leaf_mold__disease_present_flag,1.1608296e-06,21
stage_progress_pct,1.1479244e-06,22
temperature_rolling_mean_24h_lag_24,1.1332592e-06,23
powdery_mildew__infection_roll_std_12h,1.1262413e-06,24
hours_since_disease_onset,1.0861835e-06,25
early_blight__infection_roll_mean_24h,1.0723974e-06,26
early_blight__infection_roll_max_12h,1.069333e-06,27
leaf_mold__infection_lag_6,1.0556504e-06,28
leaf_mold__infection_lag_1,1.0535431e-06,29
leaf_wetness_proxy_roll_mean_24h,1.0388727e-06,30
leaf_mold__infection_lag_3,1.0318755e-06,31
leaf_mold__infection_roll_max_12h,1.007816e-06,32
leaf_mold__infection_lag_24,1.0000141e-06,33
leaf_mold__infection_roll_max_6h,9.863485e-07,34
leaf_mold__infection_roll_max_24h,9.847014e-07,35
early_blight__infection_lag_1,9.823337e-07,36
leaf_wetness_proxy_roll_mean_12h,9.794064e-07,37
humidity_rolling_mean_24h_roll_std_12h,9.778673e-07,38
leaf_wetness_proxy,9.730942e-07,39
leaf_mold__infection_lag_2,9.60442e-07,40
leaf_wetness_proxy_lag_12,9.603978e-07,41
cumulative_gdd_like_index_lag_12,9.512132e-07,42
humidity_rolling_mean_24h_roll_std_24h,9.487879e-07,43
early_blight__infection_roll_max_6h,9.458735e-07,44
leaf_mold__infection_roll_std_6h,9.4347934e-07,45
leaf_wetness_proxy_lag_24,9.372574e-07,46
leaf_wetness_proxy_lag_2,9.365728e-07,47
leaf_mold__current_infection_pct,9.3246473e-07,48
cumulative_gdd_like_index_roll_mean_24h,9.264116e-07,49
temperature_rolling_mean_24h_roll_mean_24h,9.236312e-07,50
early_blight__current_infection_pct,9.229222e-07,51
leaf_wetness_proxy_roll_std_6h,9.1917263e-07,52
early_blight__infection_lag_2,9.168701e-07,53
powdery_mildew__control_action_flag,9.1429405e-07,54
dew_point_roll_mean_24h,9.136438e-07,55
dew_point_roll_std_24h,9.0602003e-07,56
solarradiation_roll_std_24h,9.0269106e-07,57
dew_point_lag_12,8.994322e-07,58
dew_point_lag_1,8.9139456e-07,59
leaf_wetness_proxy_roll_mean_6h,8.907284e-07,60
leaf_wetness_proxy_lag_1,8.886036e-07,61
temperature_rolling_mean_24h_lag_6,8.8290284e-07,62
temperature_rolling_mean_24h_lag_3,8.8263704e-07,63
humidity_rolling_mean_24h_lag_24,8.6925803e-07,64
temperature_rolling_mean_24h_roll_std_24h,8.6219717e-07,65
powdery_mildew__current_infection_pct,8.604122e-07,66
humidity_rolling_mean_24h_roll_std_6h,8.531024e-07,67
spider_mites__disease_present_flag,8.522925e-07,68
leaf_wetness_proxy_lag_6,8.476832e-07,69
temperature_rolling_mean_24h_roll_std_6h,8.4659973e-07,70
leaf_wetness_proxy_lag_3,8.3739656e-07,71
cumulative_gdd_like_index_roll_mean_6h,8.297606e-07,72
vpd_roll_mean_12h,8.2938783e-07,73
dew_point_roll_mean_6h,8.292355e-07,74
leaf_wetness_proxy_roll_std_24h,8.2827296e-07,75
humidity_roll_std_24h,8.2342586e-07,76
leaf_wetness_proxy_roll_std_12h,8.225277e-07,77
week_of_year,8.2085717e-07,78
temperature_rolling_mean_24h_roll_std_12h,8.18213e-07,79
humidity_roll_std_12h,8.1810134e-07,80
vpd_lag_2,8.1631015e-07,81
vpd_proxy_lag_1,8.1554066e-07,82
early_blight__control_action_flag,8.1553185e-07,83
cumulative_gdd_like_index_lag_6,8.144975e-07,84
cumulative_gdd_like_index_roll_std_12h,8.144916e-07,85
humidity,8.1295326e-07,86
powdery_mildew__infection_roll_mean_24h,8.127065e-07,87
powdery_mildew__infection_roll_max_6h,8.0763806e-07,88
day_of_year,8.070924e-07,89
dew_point_lag_6,8.061167e-07,90
cumulative_gdd_like_index_roll_mean_12h,8.0577956e-07,91
cumulative_gdd_like_index_lag_2,7.999483e-07,92
dew_point_roll_std_12h,7.9837986e-07,93
days_from_cycle_start,7.970421e-07,94
temperature_lag_6,7.947753e-07,95
temperature_rolling_mean_24h_lag_2,7.872845e-07,96
cumulative_gdd_like_index_roll_std_6h,7.8662674e-07,97
humidity_lag_3,7.8630586e-07,98
powdery_mildew__infection_lag_24,7.855503e-07,99
air_velocity_roll_std_6h,7.8223593e-07,100
dew_point_roll_mean_12h,7.72199e-07,101
powdery_mildew__infection_roll_mean_12h,7.7041415e-07,102
powdery_mildew__infection_lag_2,7.7002204e-07,103
vpd_proxy_roll_std_24h,7.69725e-07,104
solarradiation_roll_mean_24h,7.603398e-07,105
humidity_rolling_mean_24h_lag_1,7.582036e-07,106
total_cycle_progress_pct,7.5787074e-07,107
leaf_mold__infection_roll_mean_6h,7.572158e-07,108
temperature_rolling_mean_24h_roll_mean_6h,7.549624e-07,109
temperature_rolling_mean_24h,7.543265e-07,110
humidity_rolling_mean_24h_lag_12,7.540493e-07,111
powdery_mildew__infection_roll_max_12h,7.536116e-07,112
air_velocity_roll_std_24h,7.5321304e-07,113
air_velocity,7.5195595e-07,114
vpd_lag_24,7.5173557e-07,115
vpd_roll_std_6h,7.456254e-07,116
vpd_proxy_roll_mean_24h,7.446417e-07,117
cumulative_gdd_like_index_lag_3,7.4457245e-07,118
powdery_mildew__infection_lag_12,7.4438395e-07,119
vpd_lag_3,7.440553e-07,120
temperature_lag_3,7.4345036e-07,121
air_velocity_roll_std_12h,7.4293047e-07,122
temperature_roll_std_24h,7.4199716e-07,123
hour,7.419496e-07,124
dew_point,7.41835e-07,125
cumulative_gdd_like_index_roll_std_24h,7.395923e-07,126
cumulative_gdd_like_index_lag_1,7.386268e-07,127
humidity_roll_mean_24h,7.385997e-07,128
day_night_flag_lag_3,7.363242e-07,129
solarradiation_roll_mean_12h,7.3595606e-07,130
vpd_proxy_lag_12,7.354228e-07,131
day_of_week,7.346991e-07,132
humidity_rolling_mean_24h_roll_mean_24h,7.335802e-07,133
day_of_cycle,7.32017e-07,134
humidity_rolling_mean_24h_roll_mean_12h,7.3108095e-07,135
vpd_roll_mean_6h,7.2829704e-07,136
leaf_mold__infection_lag_12,7.2702346e-07,137
temperature_lag_2,7.2700277e-07,138
humidity_lag_1,7.2694246e-07,139
vpd_proxy_lag_6,7.257795e-07,140
day_night_flag_lag_2,7.2466355e-07,141
hour_sin,7.2405595e-07,142
elapsed_hours,7.239166e-07,143
powdery_mildew__infection_lag_6,7.239053e-07,144
vpd_lag_1,7.219392e-07,145
powdery_mildew__infection_lag_3,7.2189795e-07,146
air_velocity_roll_mean_6h,7.190506e-07,147
humidity_roll_mean_6h,7.1874143e-07,148
powdery_mildew__infection_roll_mean_6h,7.1709445e-07,149
vpd,7.1654364e-07,150
temperature_roll_std_6h,7.157794e-07,151
powdery_mildew__infection_roll_max_24h,7.154893e-07,152
day_night_flag_lag_24,7.149872e-07,153
dew_point_lag_3,7.141862e-07,154
cumulative_gdd_like_index_lag_24,7.13863e-07,155
humidity_rolling_mean_24h_lag_3,7.124815e-07,156
dew_point_roll_std_6h,7.1229016e-07,157
vpd_proxy_lag_2,7.122441e-07,158
vpd_proxy,7.1172764e-07,159
air_velocity_lag_6,7.108456e-07,160
temperature_roll_mean_24h,7.1005496e-07,161
temperature_roll_mean_6h,7.049198e-07,162
late_blight__disease_present_flag,7.031761e-07,163
day_night_flag_roll_mean_12h,7.0281436e-07,164
temperature_roll_mean_12h,7.019851e-07,165
temperature_rolling_mean_24h_lag_1,7.001734e-07,166
air_velocity_lag_24,6.974017e-07,167
solarradiation_roll_std_6h,6.950808e-07,168
humidity_lag_24,6.944753e-07,169
humidity_lag_6,6.935506e-07,170
temperature_lag_24,6.924277e-07,171
vpd_lag_12,6.9177e-07,172
powdery_mildew__infection_lag_1,6.9113594e-07,173
solarradiation_lag_2,6.907267e-07,174
vpd_roll_mean_24h,6.8439834e-07,175
solarradiation_roll_std_12h,6.8294366e-07,176
humidity_roll_std_6h,6.8248283e-07,177
vpd_proxy_roll_std_12h,6.8080925e-07,178
air_velocity_lag_12,6.802149e-07,179
solarradiation_lag_24,6.8001304e-07,180
humidity_rolling_mean_24h,6.794666e-07,181
dew_point_lag_2,6.790896e-07,182
hour_cos,6.784998e-07,183
vpd_lag_6,6.7670527e-07,184
air_velocity_lag_2,6.755263e-07,185
humidity_lag_2,6.7485615e-07,186
stage_int,6.745666e-07,187
temperature_rolling_mean_24h_roll_mean_12h,6.738201e-07,188
day_night_flag_roll_std_12h,6.7375385e-07,189
solarradiation_lag_3,6.733556e-07,190
temperature_rolling_mean_24h_lag_12,6.7243377e-07,191
solarradiation_lag_1,6.719626e-07,192
humidity_rolling_mean_24h_roll_mean_6h,6.706687e-07,193
cumulative_gdd_like_index,6.7056357e-07,194
vpd_proxy_roll_mean_6h,6.70278e-07,195
air_velocity_lag_1,6.67286e-07,196
day_night_flag_roll_mean_6h,6.6718286e-07,197
vpd_roll_std_24h,6.671425e-07,198
solarradiation_roll_mean_6h,6.661978e-07,199
humidity_rolling_mean_24h_lag_2,6.660923e-07,200
humidity_lag_12,6.6593356e-07,201
leaf_mold__infection_roll_mean_12h,6.647117e-07,202
solarradiation,6.615075e-07,203
humidity_rolling_mean_24h_lag_6,6.598225e-07,204
vpd_proxy_roll_std_6h,6.5895796e-07,205
solarradiation_lag_12,6.547932e-07,206
air_velocity_roll_mean_12h,6.5327464e-07,207
day_night_flag,6.532123e-07,208
day_night_flag_lag_6,6.5056776e-07,209
vpd_proxy_lag_24,6.4752675e-07,210
hour_of_day,6.4675464e-07,211
vpd_roll_std_12h,6.454454e-07,212
temperature_lag_1,6.4521646e-07,213
day_night_flag_lag_1,6.442081e-07,214
air_velocity_roll_mean_24h,6.4194575e-07,215
air_velocity_lag_3,6.4065875e-07,216
week_of_cycle,6.3578244e-07,217
vpd_proxy_roll_mean_12h,6.331632e-07,218
day_night_flag_lag_12,6.296137e-07,219
dew_point_lag_24,6.278007e-07,220
temperature_lag_12,6.2373516e-07,221
solarradiation_lag_6,6.229837e-07,222
temperature,6.203092e-07,223
humidity_roll_mean_12h,6.166314e-07,224
day_night_flag_roll_std_6h,6.1648785e-07,225
leaf_mold__control_action_flag,6.1610575e-07,226
temperature_roll_std_12h,5.944608e-07,227
leaf_mold__infection_roll_mean_24h,5.823494e-07,228
vpd_proxy_lag_3,5.7718324e-07,229
spider_mites__infection_roll_std_24h,5.7536676e-07,230
early_blight__consecutive_control_hours,5.4402557e-07,231
late_blight__infection_roll_max_6h,5.328065e-07,232
late_blight__infection_roll_std_24h,5.30008e-07,233
spider_mites__infection_roll_std_12h,5.286968e-07,234
early_blight__infection_running_max,5.132621e-07,235
early_blight__stage_susceptibility_score,4.938859e-07,236
late_blight__infection_roll_std_12h,4.853539e-07,237
late_blight__infection_lag_1,4.7629055e-07,238
late_blight__infection_roll_max_24h,4.750999e-07,239
late_blight__infection_roll_std_6h,4.720722e-07,240
late_blight__current_infection_pct,4.701882e-07,241
early_blight__growth_rate_roll_mean_12h,4.6291143e-07,242
early_blight__infection_delta_6h,4.5855177e-07,243
early_blight__is_leaf_mold,4.575646e-07,244
late_blight__infection_roll_max_12h,4.5525053e-07,245
early_blight__is_stage_transition,4.526366e-07,246
late_blight__infection_roll_mean_24h,4.4215327e-07,247
early_blight__infection_delta_24h,4.3711893e-07,248
late_blight__infection_lag_12,4.3631232e-07,249
late_blight__infection_lag_2,4.278373e-07,250
late_blight__infection_lag_3,4.2772092e-07,251
late_blight__infection_roll_mean_12h,4.1707543e-07,252
late_blight__infection_roll_mean_6h,4.1174653e-07,253
early_blight__infection_growth_rate_hourly,4.0989417e-07,254
leaf_mold__cumulative_infection,4.0307523e-07,255
early_blight__growth_rate_roll_mean_6h,4.017381e-07,256
spider_mites__infection_roll_std_6h,4.0021902e-07,257
spider_mites__infection_roll_max_6h,3.9942472e-07,258
late_blight__infection_lag_6,3.8649398e-07,259
powdery_mildew__stage_susceptibility_score,3.8404357e-07,260
leaf_mold__infection_running_max,3.8268377e-07,261
early_blight__cumulative_infection,3.8120595e-07,262
spider_mites__infection_roll_mean_6h,3.7954058e-07,263
powdery_mildew__infection_delta_6h,3.748847e-07,264
leaf_mold__is_late_blight,3.734817e-07,265
late_blight__infection_lag_24,3.6690713e-07,266
spider_mites__infection_roll_max_12h,3.6649757e-07,267
spider_mites__infection_roll_mean_24h,3.5813153e-07,268
spider_mites__control_action_flag,3.5757387e-07,269
powdery_mildew__is_early_blight,3.5675995e-07,270
spider_mites__infection_lag_24,3.5505286e-07,271
early_blight__is_early_blight,3.5414587e-07,272
powdery_mildew__is_late_blight,3.5269466e-07,273
early_blight__stage_index,3.510232e-07,274
powdery_mildew__disease_int,3.4795468e-07,275
early_blight__is_late_blight,3.4727756e-07,276
spider_mites__infection_lag_3,3.4402683e-07,277
powdery_mildew__growth_rate_roll_mean_6h,3.4363123e-07,278
spider_mites__infection_roll_max_24h,3.3847934e-07,279
powdery_mildew__consecutive_control_hours,3.3728557e-07,280
early_blight__is_spider_mites,3.37221e-07,281
spider_mites__infection_lag_6,3.349079e-07,282
spider_mites__current_infection_pct,3.3341192e-07,283
early_blight__outbreak_trigger_flag,3.273741e-07,284
leaf_mold__is_stage_transition,3.2601818e-07,285
leaf_mold__stage_susceptibility_score,3.2547973e-07,286
leaf_mold__is_leaf_mold,3.2023698e-07,287
powdery_mildew__is_powdery_mildew,3.1500608e-07,288
early_blight__disease_risk_score,3.1070243e-07,289
leaf_mold__infection_growth_rate_hourly,3.1056143e-07,290
spider_mites__infection_lag_1,3.0754313e-07,291
powdery_mildew__outbreak_trigger_flag,3.0641363e-07,292
early_blight__is_powdery_mildew,3.0527943e-07,293
spider_mites__infection_roll_mean_12h,2.9655237e-07,294
leaf_mold__consecutive_control_hours,2.9422924e-07,295
powdery_mildew__is_leaf_mold,2.9187348e-07,296
powdery_mildew__indoor_co2,2.8925461e-07,297
spider_mites__stage_susceptibility_score,2.8871662e-07,298
powdery_mildew__cumulative_infection,2.8711045e-07,299
spider_mites__disease_risk_score,2.8603677e-07,300
leaf_mold__is_powdery_mildew,2.8363954e-07,301
spider_mites__infection_lag_12,2.8162566e-07,302
spider_mites__infection_lag_2,2.8078648e-07,303
leaf_mold__infection_delta_6h,2.7891375e-07,304
early_blight__infection_delta_1h,2.775739e-07,305
leaf_mold__disease_risk_score,2.7691564e-07,306
powdery_mildew__disease_risk_score,2.7588996e-07,307
powdery_mildew__infection_delta_24h,2.7364112e-07,308
powdery_mildew__is_stage_transition,2.7344936e-07,309
leaf_mold__infection_delta_24h,2.7161641e-07,310
powdery_mildew__infection_running_max,2.6797747e-07,311
powdery_mildew__infection_growth_rate_hourly,2.6771363e-07,312
early_blight__disease_int,2.6739875e-07,313
early_blight__indoor_co2,2.6651978e-07,314
leaf_mold__indoor_co2,2.6624602e-07,315
powdery_mildew__is_spider_mites,2.6188744e-07,316
leaf_mold__outbreak_trigger_flag,2.6159847e-07,317
leaf_mold__disease_int,2.5835945e-07,318
powdery_mildew__growth_rate_roll_mean_12h,2.5768065e-07,319
leaf_mold__stage_index,2.520719e-07,320
late_blight__disease_risk_score,2.5067934e-07,321
leaf_mold__growth_rate_roll_mean_6h,2.482282e-07,322
leaf_mold__infection_delta_1h,2.4143029e-07,323
leaf_mold__growth_rate_roll_mean_12h,2.3745578e-07,324
leaf_mold__is_spider_mites,2.3267938e-07,325
leaf_mold__is_early_blight,2.3123219e-07,326
late_blight__consecutive_control_hours,2.2515614e-07,327
powdery_mildew__stage_index,2.2355368e-07,328
spider_mites__infection_delta_24h,2.1734728e-07,329
powdery_mildew__infection_delta_1h,2.1018496e-07,330
spider_mites__consecutive_control_hours,2.0737535e-07,331
late_blight__is_stage_transition,2.0420782e-07,332
late_blight__control_action_flag,2.0377115e-07,333
spider_mites__disease_int,1.8801903e-07,334
spider_mites__is_powdery_mildew,1.8554114e-07,335
spider_mites__infection_running_max,1.8259193e-07,336
spider_mites__infection_delta_6h,1.7874713e-07,337
late_blight__infection_delta_1h,1.7808821e-07,338
spider_mites__growth_rate_roll_mean_6h,1.7058191e-07,339
spider_mites__is_spider_mites,1.6867388e-07,340
late_blight__indoor_co2,1.6856218e-07,341
spider_mites__growth_rate_roll_mean_12h,1.6816557e-07,342
spider_mites__outbreak_trigger_flag,1.6768824e-07,343
late_blight__infection_running_max,1.676517e-07,344
late_blight__is_late_blight,1.6718558e-07,345
spider_mites__cumulative_infection,1.6544101e-07,346
spider_mites__is_early_blight,1.6519105e-07,347
spider_mites__is_leaf_mold,1.6493546e-07,348
late_blight__is_leaf_mold,1.6168565e-07,349
spider_mites__is_stage_transition,1.6097222e-07,350
late_blight__stage_susceptibility_score,1.6074705e-07,351
late_blight__stage_index,1.6048254e-07,352
late_blight__outbreak_trigger_flag,1.5917624e-07,353
spider_mites__infection_growth_rate_hourly,1.591158e-07,354
late_blight__disease_int,1.5718406e-07,355
late_blight__is_spider_mites,1.5357408e-07,356
spider_mites__is_late_blight,1.5140415e-07,357
late_blight__infection_growth_rate_hourly,1.4417206e-07,358
late_blight__growth_rate_roll_mean_6h,1.4236038e-07,359
spider_mites__indoor_co2,1.4179082e-07,360
late_blight__infection_delta_6h,1.3433105e-07,361
late_blight__infection_delta_24h,1.334704e-07,362
late_blight__is_early_blight,1.2698035e-07,363
late_blight__is_powdery_mildew,1.25237e-07,364
spider_mites__infection_delta_1h,1.2463293e-07,365
late_blight__growth_rate_roll_mean_12h,1.2368791e-07,366
spider_mites__stage_index,1.2062493e-07,367
late_blight__cumulative_infection,1.14804855e-07,368
