datetime,datetimeEpoch,temp,humidity,windspeed,solarradiation,sunrise,sunriseEpoch,sunset,sunsetEpoch,conditions,description
2024-01-01,1704047400,26.4,73.9,18.4,190.9,06:35:39,1704071139,18:07:20,1704112640,Partially cloudy,Partly cloudy throughout the day.
2024-01-02,1704133800,26.4,73.8,20.5,130.7,06:36:03,1704157563,18:07:53,1704199073,Partially cloudy,Partly cloudy throughout the day.
2024-01-03,1704220200,26.8,73.6,18.4,130.7,06:36:26,1704243986,18:08:25,1704285505,Partially cloudy,Partly cloudy throughout the day.
2024-01-04,1704306600,26.7,76.9,13.0,110.3,06:36:49,1704330409,18:08:58,1704371938,Partially cloudy,Partly cloudy throughout the day.
2024-01-05,1704393000,26.3,81.1,13.0,77.7,06:37:11,1704416831,18:09:30,1704458370,"Rain, Partially cloudy",Partly cloudy throughout the day with early morning rain.
2024-01-06,1704479400,26.4,78.5,14.8,122.1,06:37:32,1704503252,18:10:03,1704544803,"Rain, Partially cloudy",Partly cloudy throughout the day with rain.
2024-01-07,1704565800,24.8,84.5,18.4,113.3,06:37:53,1704589673,18:10:35,1704631235,"Rain, Overcast",Cloudy skies throughout the day with a chance of rain throughout the day.
2024-01-08,1704652200,26.6,80.6,22.3,103.0,06:38:12,1704676092,18:11:08,1704717668,"Rain, Partially cloudy",Partly cloudy throughout the day with rain.
2024-01-09,1704738600,25.3,89.0,18.4,55.0,06:38:31,1704762511,18:11:40,1704804100,"Rain, Partially cloudy",Partly cloudy throughout the day with rain.
2024-01-10,1704825000,26.0,78.9,22.3,145.7,06:38:49,1704848929,18:12:12,1704890532,"Rain, Partially cloudy",Partly cloudy throughout the day with afternoon rain.
2024-01-11,1704911400,26.8,70.5,24.1,189.5,06:39:06,1704935346,18:12:44,1704976964,Partially cloudy,Partly cloudy throughout the day.
2024-01-12,1704997800,26.1,71.5,20.5,162.9,06:39:22,1705021762,18:13:15,1705063395,Partially cloudy,Partly cloudy throughout the day.
2024-01-13,1705084200,26.3,72.3,18.4,174.2,06:39:37,1705108177,18:13:46,1705149826,Partially cloudy,Partly cloudy throughout the day.
2024-01-14,1705170600,26.4,74.4,20.5,218.3,06:39:51,1705194591,18:14:17,1705236257,Partially cloudy,Partly cloudy throughout the day.
2024-01-15,1705257000,25.9,71.6,18.4,247.7,06:40:04,1705281004,18:14:48,1705322688,Partially cloudy,Partly cloudy throughout the day.
2024-01-16,1705343400,25.6,69.8,14.8,250.2,06:40:16,1705367416,18:15:18,1705409118,Partially cloudy,Partly cloudy throughout the day.
2024-01-17,1705429800,25.4,68.9,13.0,257.8,06:40:28,1705453828,18:15:48,1705495548,Partially cloudy,Partly cloudy throughout the day.
2024-01-18,1705516200,26.8,73.2,13.0,212.3,06:40:38,1705540238,18:16:18,1705581978,Partially cloudy,Partly cloudy throughout the day.
2024-01-19,1705602600,26.3,78.6,22.3,181.5,06:40:47,1705626647,18:16:47,1705668407,"Rain, Partially cloudy",Partly cloudy throughout the day with afternoon rain.
2024-01-20,1705689000,25.1,85.5,18.4,108.1,06:40:56,1705713056,18:17:16,1705754836,"Rain, Partially cloudy",Partly cloudy throughout the day with rain clearing later.
2024-01-21,1705775400,27.3,73.9,18.4,194.6,06:41:03,1705799463,18:17:44,1705841264,Partially cloudy,Partly cloudy throughout the day.
2024-01-22,1705861800,26.8,73.0,16.6,258.2,06:41:09,1705885869,18:18:12,1705927692,Partially cloudy,Partly cloudy throughout the day.
2024-01-23,1705948200,26.4,71.2,16.6,217.0,06:41:14,1705972274,18:18:39,1706014119,Partially cloudy,Partly cloudy throughout the day.
2024-01-24,1706034600,26.0,69.9,16.6,225.5,06:41:18,1706058678,18:19:06,1706100546,Partially cloudy,Partly cloudy throughout the day.
2024-01-25,1706121000,25.8,69.6,18.4,218.7,06:41:22,1706145082,18:19:32,1706186972,Partially cloudy,Partly cloudy throughout the day.
2024-01-26,1706207400,26.4,64.8,22.3,249.5,06:41:24,1706231484,18:19:58,1706273398,Partially cloudy,Partly cloudy throughout the day.
2024-01-27,1706293800,26.4,65.5,27.7,205.9,06:41:25,1706317885,18:20:23,1706359823,Partially cloudy,Partly cloudy throughout the day.
2024-01-28,1706380200,26.5,66.6,22.3,226.4,06:41:25,1706404285,18:20:48,1706446248,Partially cloudy,Partly cloudy throughout the day.
2024-01-29,1706466600,26.3,68.0,20.5,222.2,06:41:24,1706490684,18:21:12,1706532672,Partially cloudy,Partly cloudy throughout the day.
2024-01-30,1706553000,27.1,67.5,20.5,266.1,06:41:21,1706577081,18:21:35,1706619095,Partially cloudy,Partly cloudy throughout the day.
2024-01-31,1706639400,27.5,69.7,16.6,209.4,06:41:18,1706663478,18:21:58,1706705518,Partially cloudy,Partly cloudy throughout the day.
2024-02-01,1706725800,28.1,74.4,13.0,184.0,06:41:14,1706749874,18:22:20,1706791940,Partially cloudy,Partly cloudy throughout the day.
2024-02-02,1706812200,28.1,74.5,14.8,192.1,06:41:09,1706836269,18:22:42,1706878362,Partially cloudy,Partly cloudy throughout the day.
2024-02-03,1706898600,28.2,71.8,18.4,206.6,06:41:03,1706922663,18:23:03,1706964783,Partially cloudy,Partly cloudy throughout the day.
2024-02-04,1706985000,27.8,66.1,22.3,265.6,06:40:55,1707009055,18:23:23,1707051203,Partially cloudy,Partly cloudy throughout the day.
2024-02-05,1707071400,27.1,66.3,22.3,278.4,06:40:47,1707095447,18:23:43,1707137623,Partially cloudy,Partly cloudy throughout the day.
2024-02-06,1707157800,26.9,67.4,20.5,262.8,06:40:38,1707181838,18:24:02,1707224042,Partially cloudy,Partly cloudy throughout the day.
2024-02-07,1707244200,26.7,69.0,24.1,281.1,06:40:28,1707268228,18:24:20,1707310460,Partially cloudy,Clearing in the afternoon.
2024-02-08,1707330600,27.0,65.1,16.6,282.4,06:40:17,1707354617,18:24:38,1707396878,Partially cloudy,Partly cloudy throughout the day.
2024-02-09,1707417000,27.2,70.1,18.4,273.4,06:40:04,1707441004,18:24:55,1707483295,Partially cloudy,Clearing in the afternoon.
2024-02-10,1707503400,27.4,68.9,24.1,224.9,06:39:51,1707527391,18:25:11,1707569711,Partially cloudy,Partly cloudy throughout the day.
2024-02-11,1707589800,27.7,68.2,20.5,229.2,06:39:37,1707613777,18:25:27,1707656127,Partially cloudy,Partly cloudy throughout the day.
2024-02-12,1707676200,27.0,66.6,22.3,234.0,06:39:22,1707700162,18:25:42,1707742542,Partially cloudy,Partly cloudy throughout the day.
2024-02-13,1707762600,28.0,68.0,20.5,225.7,06:39:07,1707786547,18:25:57,1707828957,Partially cloudy,Partly cloudy throughout the day.
2024-02-14,1707849000,28.4,65.8,24.1,202.8,06:38:50,1707872930,18:26:11,1707915371,Partially cloudy,Partly cloudy throughout the day.
2024-02-15,1707935400,27.5,66.3,20.5,237.5,06:38:32,1707959312,18:26:24,1708001784,"Rain, Partially cloudy",Partly cloudy throughout the day with morning rain.
2024-02-16,1708021800,28.0,65.4,20.5,203.8,06:38:14,1708045694,18:26:37,1708088197,"Rain, Partially cloudy",Partly cloudy throughout the day with morning rain.
2024-02-17,1708108200,28.0,67.5,20.5,250.4,06:37:54,1708132074,18:26:49,1708174609,Partially cloudy,Partly cloudy throughout the day.
2024-02-18,1708194600,28.3,67.0,24.1,268.9,06:37:34,1708218454,18:27:00,1708261020,Partially cloudy,Partly cloudy throughout the day.
2024-02-19,1708281000,28.0,65.6,16.6,262.3,06:37:13,1708304833,18:27:11,1708347431,Partially cloudy,Partly cloudy throughout the day.
2024-02-20,1708367400,28.1,68.3,22.3,236.3,06:36:51,1708391211,18:27:21,1708433841,Partially cloudy,Partly cloudy throughout the day.
2024-02-21,1708453800,28.5,66.8,14.8,252.9,06:36:29,1708477589,18:27:31,1708520251,Partially cloudy,Partly cloudy throughout the day.
2024-02-22,1708540200,29.1,66.8,16.6,213.9,06:36:06,1708563966,18:27:40,1708606660,Partially cloudy,Partly cloudy throughout the day.
2024-02-23,1708626600,29.7,70.6,20.5,220.6,06:35:42,1708650342,18:27:49,1708693069,Partially cloudy,Partly cloudy throughout the day.
2024-02-24,1708713000,29.1,72.1,24.1,221.4,06:35:17,1708736717,18:27:57,1708779477,Partially cloudy,Partly cloudy throughout the day.
2024-02-25,1708799400,28.7,68.4,18.4,223.9,06:34:51,1708823091,18:28:04,1708865884,Partially cloudy,Partly cloudy throughout the day.
2024-02-26,1708885800,28.1,69.3,22.3,218.3,06:34:25,1708909465,18:28:11,1708952291,"Rain, Partially cloudy",Partly cloudy throughout the day with morning rain.
2024-02-27,1708972200,29.1,64.0,27.7,206.9,06:33:59,1708995839,18:28:18,1709038698,Partially cloudy,Partly cloudy throughout the day.
2024-02-28,1709058600,29.1,62.2,22.3,269.8,06:33:31,1709082211,18:28:24,1709125104,Partially cloudy,Partly cloudy throughout the day.
2024-02-29,1709145000,28.5,60.7,22.3,276.9,06:33:03,1709168583,18:28:29,1709211509,Partially cloudy,Partly cloudy throughout the day.
2024-03-01,1709231400,28.4,63.1,22.3,230.5,06:32:35,1709254955,18:28:34,1709297914,Partially cloudy,Partly cloudy throughout the day.
2024-03-02,1709317800,28.9,59.4,20.5,287.8,06:32:06,1709341326,18:28:39,1709384319,Partially cloudy,Partly cloudy throughout the day.
2024-03-03,1709404200,28.5,62.1,22.3,292.8,06:31:36,1709427696,18:28:43,1709470723,Partially cloudy,Partly cloudy throughout the day.
2024-03-04,1709490600,28.5,63.5,18.4,302.7,06:31:06,1709514066,18:28:47,1709557127,Clear,Clear conditions throughout the day.
2024-03-05,1709577000,28.4,62.7,16.6,299.3,06:30:36,1709600436,18:28:50,1709643530,Clear,Clear conditions throughout the day.
2024-03-06,1709663400,28.5,65.4,13.0,283.7,06:30:05,1709686805,18:28:54,1709729934,Partially cloudy,Partly cloudy throughout the day.
2024-03-07,1709749800,28.7,65.9,14.8,296.3,06:29:33,1709773173,18:28:56,1709816336,Partially cloudy,Partly cloudy throughout the day.
2024-03-08,1709836200,29.3,64.6,18.4,297.6,06:29:01,1709859541,18:28:59,1709902739,Partially cloudy,Partly cloudy throughout the day.
2024-03-09,1709922600,29.9,64.1,14.8,299.5,06:28:29,1709945909,18:29:01,1709989141,Partially cloudy,Partly cloudy throughout the day.
2024-03-10,1710009000,30.0,64.0,20.5,259.3,06:27:56,1710032276,18:29:02,1710075542,Partially cloudy,Partly cloudy throughout the day.
2024-03-11,1710095400,29.5,60.6,16.6,287.6,06:27:23,1710118643,18:29:04,1710161944,Partially cloudy,Partly cloudy throughout the day.
2024-03-12,1710181800,29.3,58.7,14.8,306.6,06:26:50,1710205010,18:29:05,1710248345,Partially cloudy,Partly cloudy throughout the day.
2024-03-13,1710268200,29.5,58.7,14.8,308.2,06:26:16,1710291376,18:29:06,1710334746,Clear,Clear conditions throughout the day.
2024-03-14,1710354600,30.1,53.3,22.3,295.5,06:25:42,1710377742,18:29:07,1710421147,Clear,Clear conditions throughout the day.
2024-03-15,1710441000,30.2,63.5,22.3,299.9,06:25:08,1710464108,18:29:07,1710507547,Partially cloudy,Partly cloudy throughout the day.
2024-03-16,1710527400,30.0,64.0,18.4,307.8,06:24:34,1710550474,18:29:07,1710593947,Partially cloudy,Partly cloudy throughout the day.
2024-03-17,1710613800,29.6,61.5,20.5,282.1,06:23:59,1710636839,18:29:07,1710680347,Partially cloudy,Partly cloudy throughout the day.
2024-03-18,1710700200,29.3,59.3,18.4,306.4,06:23:24,1710723204,18:29:07,1710766747,Partially cloudy,Partly cloudy throughout the day.
2024-03-19,1710786600,29.1,57.9,18.4,309.3,06:22:49,1710809569,18:29:07,1710853147,Clear,Clear conditions throughout the day.
2024-03-20,1710873000,29.1,59.1,18.4,308.2,06:22:14,1710895934,18:29:07,1710939547,Clear,Clear conditions throughout the day.
2024-03-21,1710959400,28.4,70.6,22.3,246.5,06:21:39,1710982299,18:29:06,1711025946,Partially cloudy,Partly cloudy throughout the day.
2024-03-22,1711045800,29.8,66.1,22.3,249.6,06:21:04,1711068664,18:29:05,1711112345,"Rain, Partially cloudy",Becoming cloudy in the afternoon with morning rain.
2024-03-23,1711132200,30.2,60.6,24.1,298.9,06:20:28,1711155028,18:29:05,1711198745,Partially cloudy,Partly cloudy throughout the day.
2024-03-24,1711218600,30.2,59.3,18.4,298.7,06:19:53,1711241393,18:29:04,1711285144,Partially cloudy,Partly cloudy throughout the day.
2024-03-25,1711305000,29.7,58.6,22.3,313.6,06:19:18,1711327758,18:29:03,1711371543,Clear,Clear conditions throughout the day.
2024-03-26,1711391400,29.9,56.2,20.5,292.8,06:18:42,1711414122,18:29:03,1711457943,Clear,Clear conditions throughout the day.
2024-03-27,1711477800,30.1,62.0,22.3,275.5,06:18:07,1711500487,18:29:02,1711544342,Partially cloudy,Partly cloudy throughout the day.
2024-03-28,1711564200,31.4,62.0,20.5,261.6,06:17:32,1711586852,18:29:01,1711630741,Partially cloudy,Partly cloudy throughout the day.
2024-03-29,1711650600,31.1,58.4,18.4,282.6,06:16:56,1711673216,18:29:00,1711717140,Partially cloudy,Partly cloudy throughout the day.
2024-03-30,1711737000,30.9,53.3,18.4,314.6,06:16:21,1711759581,18:28:59,1711803539,Partially cloudy,Partly cloudy throughout the day.
2024-03-31,1711823400,31.6,54.5,20.5,303.0,06:15:46,1711845946,18:28:59,1711889939,Partially cloudy,Partly cloudy throughout the day.
2024-04-01,1711909800,31.9,62.6,22.3,287.5,06:15:11,1711932311,18:28:58,1711976338,Partially cloudy,Partly cloudy throughout the day.
2024-04-02,1711996200,32.2,63.0,22.3,304.2,06:14:36,1712018676,18:28:58,1712062738,Partially cloudy,Partly cloudy throughout the day.
2024-04-03,1712082600,31.6,64.5,18.4,281.5,06:14:02,1712105042,18:28:57,1712149137,Partially cloudy,Partly cloudy throughout the day.
2024-04-04,1712169000,31.3,64.0,14.8,282.4,06:13:27,1712191407,18:28:57,1712235537,Partially cloudy,Partly cloudy throughout the day.
2024-04-05,1712255400,32.0,60.9,18.4,287.0,06:12:53,1712277773,18:28:57,1712321937,Partially cloudy,Partly cloudy throughout the day.
2024-04-06,1712341800,31.8,61.4,18.4,304.6,06:12:19,1712364139,18:28:57,1712408337,Partially cloudy,Partly cloudy throughout the day.
2024-04-07,1712428200,31.6,57.7,18.4,320.2,06:11:45,1712450505,18:28:57,1712494737,Partially cloudy,Partly cloudy throughout the day.
2024-04-08,1712514600,31.9,61.0,20.5,309.2,06:11:12,1712536872,18:28:57,1712581137,Partially cloudy,Partly cloudy throughout the day.
2024-04-09,1712601000,31.5,58.9,22.3,299.3,06:10:39,1712623239,18:28:58,1712667538,Partially cloudy,Partly cloudy throughout the day.
2024-04-10,1712687400,30.9,59.0,22.3,300.5,06:10:06,1712709606,18:28:58,1712753938,Partially cloudy,Partly cloudy throughout the day.
2024-04-11,1712773800,31.0,62.9,20.5,263.6,06:09:34,1712795974,18:28:59,1712840339,Partially cloudy,Partly cloudy throughout the day.
2024-04-12,1712860200,29.1,74.9,55.4,218.6,06:09:02,1712882342,18:29:00,1712926740,"Rain, Partially cloudy",Partly cloudy throughout the day with afternoon rain.
2024-04-13,1712946600,28.6,78.3,14.8,241.2,06:08:30,1712968710,18:29:02,1713013142,"Rain, Partially cloudy",Partly cloudy throughout the day with afternoon rain.
2024-04-14,1713033000,30.5,67.2,18.4,251.8,06:07:59,1713055079,18:29:04,1713099544,"Rain, Partially cloudy",Partly cloudy throughout the day with early morning rain.
2024-04-15,1713119400,30.1,69.8,27.7,240.8,06:07:28,1713141448,18:29:05,1713185945,Partially cloudy,Partly cloudy throughout the day.
2024-04-16,1713205800,29.7,65.8,9.4,275.4,06:06:57,1713227817,18:29:08,1713272348,Partially cloudy,Partly cloudy throughout the day.
2024-04-17,1713292200,30.4,61.2,9.4,301.6,06:06:27,1713314187,18:29:10,1713358750,Partially cloudy,Partly cloudy throughout the day.
2024-04-18,1713378600,30.8,61.0,10.1,277.9,06:05:58,1713400558,18:29:13,1713445153,Overcast,Cloudy skies throughout the day.
2024-04-19,1713465000,31.3,65.8,18.4,282.8,06:05:29,1713486929,18:29:16,1713531556,Partially cloudy,Partly cloudy throughout the day.
2024-04-20,1713551400,33.0,61.0,18.4,292.9,06:05:01,1713573301,18:29:19,1713617959,Partially cloudy,Partly cloudy throughout the day.
2024-04-21,1713637800,32.7,62.9,22.3,287.0,06:04:33,1713659673,18:29:23,1713704363,Partially cloudy,Partly cloudy throughout the day.
2024-04-22,1713724200,32.8,58.1,13.0,289.5,06:04:05,1713746045,18:29:27,1713790767,Partially cloudy,Partly cloudy throughout the day.
2024-04-23,1713810600,32.3,61.3,18.4,304.7,06:03:38,1713832418,18:29:32,1713877172,Partially cloudy,Partly cloudy throughout the day.
2024-04-24,1713897000,31.8,62.2,20.5,300.8,06:03:12,1713918792,18:29:36,1713963576,Partially cloudy,Partly cloudy throughout the day.
2024-04-25,1713983400,32.0,59.4,18.9,294.7,06:02:46,1714005166,18:29:42,1714049982,Partially cloudy,Partly cloudy throughout the day.
2024-04-26,1714069800,31.8,60.2,20.5,312.1,06:02:21,1714091541,18:29:47,1714136387,Partially cloudy,Partly cloudy throughout the day.
2024-04-27,1714156200,31.8,59.9,22.3,309.0,06:01:57,1714177917,18:29:53,1714222793,Partially cloudy,Partly cloudy throughout the day.
2024-04-28,1714242600,32.3,58.0,18.4,290.7,06:01:33,1714264293,18:29:59,1714309199,Partially cloudy,Partly cloudy throughout the day.
2024-04-29,1714329000,32.5,63.2,22.3,292.7,06:01:10,1714350670,18:30:06,1714395606,Partially cloudy,Partly cloudy throughout the day.
2024-04-30,1714415400,33.2,60.4,22.3,285.6,06:00:48,1714437048,18:30:13,1714482013,Partially cloudy,Partly cloudy throughout the day.
2024-05-01,1714501800,33.3,60.5,22.3,299.8,06:00:26,1714523426,18:30:20,1714568420,Partially cloudy,Clearing in the afternoon.
2024-05-02,1714588200,33.8,59.3,22.3,302.7,06:00:05,1714609805,18:30:28,1714654828,Partially cloudy,Partly cloudy throughout the day.
2024-05-03,1714674600,32.6,65.5,20.5,293.7,05:59:44,1714696184,18:30:36,1714741236,Partially cloudy,Partly cloudy throughout the day.
2024-05-04,1714761000,33.4,60.2,16.6,276.6,05:59:25,1714782565,18:30:44,1714827644,Partially cloudy,Partly cloudy throughout the day.
2024-05-05,1714847400,33.1,59.6,18.4,261.0,05:59:06,1714868946,18:30:53,1714914053,Partially cloudy,Partly cloudy throughout the day.
2024-05-06,1714933800,33.8,55.7,16.6,249.5,05:58:47,1714955327,18:31:03,1715000463,Partially cloudy,Partly cloudy throughout the day.
2024-05-07,1715020200,33.6,55.0,22.3,272.1,05:58:30,1715041710,18:31:12,1715086872,Partially cloudy,Partly cloudy throughout the day.
2024-05-08,1715106600,32.4,58.0,24.1,250.1,05:58:13,1715128093,18:31:22,1715173282,"Rain, Partially cloudy",Partly cloudy throughout the day with afternoon rain.
2024-05-09,1715193000,31.5,63.2,18.4,247.1,05:57:57,1715214477,18:31:33,1715259693,"Rain, Partially cloudy",Partly cloudy throughout the day with early morning rain.
2024-05-10,1715279400,29.1,74.0,22.3,210.6,05:57:42,1715300862,18:31:43,1715346103,"Rain, Partially cloudy",Partly cloudy throughout the day with early morning rain.
2024-05-11,1715365800,28.9,77.7,16.6,210.3,05:57:28,1715387248,18:31:54,1715432514,"Rain, Partially cloudy",Partly cloudy throughout the day with rain.
2024-05-12,1715452200,30.9,69.8,22.3,221.3,05:57:14,1715473634,18:32:06,1715518926,Partially cloudy,Partly cloudy throughout the day.
2024-05-13,1715538600,29.0,75.6,22.3,187.9,05:57:01,1715560021,18:32:18,1715605338,"Rain, Partially cloudy",Partly cloudy throughout the day with afternoon rain.
2024-05-14,1715625000,28.7,77.5,16.6,225.8,05:56:49,1715646409,18:32:30,1715691750,Partially cloudy,Partly cloudy throughout the day.
2024-05-15,1715711400,27.9,79.0,25.9,198.5,05:56:38,1715732798,18:32:43,1715778163,"Rain, Partially cloudy",Partly cloudy throughout the day with early morning rain.
2024-05-16,1715797800,27.8,83.2,13.0,127.8,05:56:27,1715819187,18:32:55,1715864575,"Rain, Partially cloudy",Partly cloudy throughout the day with early morning rain.
2024-05-17,1715884200,27.6,83.3,18.4,143.0,05:56:18,1715905578,18:33:09,1715950989,"Rain, Partially cloudy",Partly cloudy throughout the day with morning rain.
2024-05-18,1715970600,28.6,79.9,16.6,117.5,05:56:09,1715991969,18:33:22,1716037402,"Rain, Partially cloudy",Partly cloudy throughout the day with early morning rain.
2024-05-19,1716057000,27.9,82.6,16.6,115.9,05:56:01,1716078361,18:33:36,1716123816,"Rain, Partially cloudy",Partly cloudy throughout the day with afternoon rain.
2024-05-20,1716143400,26.9,87.1,22.3,81.9,05:55:54,1716164754,18:33:50,1716210230,"Rain, Partially cloudy",Partly cloudy throughout the day with rain.
2024-05-21,1716229800,28.1,80.7,18.4,166.1,05:55:47,1716251147,18:34:04,1716296644,"Rain, Partially cloudy",Partly cloudy throughout the day with afternoon rain.
2024-05-22,1716316200,28.6,82.3,16.6,126.6,05:55:41,1716337541,18:34:19,1716383059,"Rain, Partially cloudy",Partly cloudy throughout the day with afternoon rain.
2024-05-23,1716402600,28.9,78.0,22.3,107.5,05:55:36,1716423936,18:34:34,1716469474,"Rain, Partially cloudy",Partly cloudy throughout the day with rain.
2024-05-24,1716489000,28.9,77.9,14.8,97.1,05:55:32,1716510332,18:34:49,1716555889,"Rain, Partially cloudy",Partly cloudy throughout the day with early morning rain.
2024-05-25,1716575400,29.8,70.4,16.6,105.3,05:55:29,1716596729,18:35:04,1716642304,"Rain, Partially cloudy",Partly cloudy throughout the day with early morning rain.
2024-05-26,1716661800,31.2,60.0,22.3,201.6,05:55:26,1716683126,18:35:19,1716728719,"Rain, Partially cloudy",Partly cloudy throughout the day with late afternoon rain.
2024-05-27,1716748200,31.4,61.6,22.3,246.1,05:55:25,1716769525,18:35:35,1716815135,Partially cloudy,Partly cloudy throughout the day.
2024-05-28,1716834600,31.2,61.1,18.4,253.4,05:55:24,1716855924,18:35:51,1716901551,Partially cloudy,Partly cloudy throughout the day.
2024-05-29,1716921000,31.9,60.1,18.4,252.3,05:55:23,1716942323,18:36:07,1716987967,Partially cloudy,Partly cloudy throughout the day.
2024-05-30,1717007400,32.4,61.3,20.5,273.5,05:55:24,1717028724,18:36:23,1717074383,Partially cloudy,Partly cloudy throughout the day.
2024-05-31,1717093800,32.2,65.0,14.8,279.0,05:55:25,1717115125,18:36:39,1717160799,Partially cloudy,Partly cloudy throughout the day.
2024-06-01,1717180200,31.0,72.2,25.9,178.2,05:55:27,1717201527,18:36:55,1717247215,"Rain, Partially cloudy",Partly cloudy throughout the day with early morning rain.
2024-06-02,1717266600,29.4,75.6,18.4,215.3,05:55:30,1717287930,18:37:12,1717333632,"Rain, Partially cloudy",Partly cloudy throughout the day with late afternoon rain.
2024-06-03,1717353000,29.5,73.4,14.8,163.4,05:55:33,1717374333,18:37:28,1717420048,Partially cloudy,Partly cloudy throughout the day.
2024-06-04,1717439400,30.3,75.6,20.5,227.0,05:55:37,1717460737,18:37:44,1717506464,Partially cloudy,Partly cloudy throughout the day.
2024-06-05,1717525800,30.1,75.5,14.8,198.4,05:55:42,1717547142,18:38:01,1717592881,"Rain, Partially cloudy",Partly cloudy throughout the day with rain.
2024-06-06,1717612200,28.0,84.2,14.8,125.6,05:55:47,1717633547,18:38:17,1717679297,"Rain, Partially cloudy",Partly cloudy throughout the day with early morning rain.
2024-06-07,1717698600,27.8,86.0,11.2,126.1,05:55:53,1717719953,18:38:33,1717765713,"Rain, Partially cloudy",Partly cloudy throughout the day with early morning rain.
2024-06-08,1717785000,28.5,82.0,18.4,159.9,05:56:00,1717806360,18:38:49,1717852129,"Rain, Partially cloudy",Partly cloudy throughout the day with afternoon rain.
2024-06-09,1717871400,29.6,71.9,20.5,220.5,05:56:07,1717892767,18:39:05,1717938545,"Rain, Partially cloudy",Partly cloudy throughout the day with early morning rain.
2024-06-10,1717957800,30.7,63.4,22.3,253.0,05:56:15,1717979175,18:39:21,1718024961,Partially cloudy,Partly cloudy throughout the day.
2024-06-11,1718044200,31.5,59.6,27.7,158.1,05:56:23,1718065583,18:39:37,1718111377,Partially cloudy,Partly cloudy throughout the day.
2024-06-12,1718130600,30.8,62.9,37.1,166.8,05:56:32,1718151992,18:39:53,1718197793,Partially cloudy,Partly cloudy throughout the day.
2024-06-13,1718217000,31.3,62.0,16.6,251.7,05:56:41,1718238401,18:40:08,1718284208,Partially cloudy,Partly cloudy throughout the day.
2024-06-14,1718303400,30.5,66.3,18.4,268.3,05:56:51,1718324811,18:40:24,1718370624,Partially cloudy,Partly cloudy throughout the day.
2024-06-15,1718389800,31.6,60.9,27.7,270.4,05:57:02,1718411222,18:40:39,1718457039,Partially cloudy,Partly cloudy throughout the day.
2024-06-16,1718476200,31.3,61.3,14.8,245.9,05:57:13,1718497633,18:40:53,1718543453,Partially cloudy,Partly cloudy throughout the day.
2024-06-17,1718562600,30.5,69.0,22.3,275.3,05:57:24,1718584044,18:41:08,1718629868,Partially cloudy,Partly cloudy throughout the day.
2024-06-18,1718649000,29.3,76.9,22.3,227.9,05:57:36,1718670456,18:41:22,1718716282,"Rain, Partially cloudy",Partly cloudy throughout the day with rain.
2024-06-19,1718735400,29.5,74.7,22.3,221.5,05:57:48,1718756868,18:41:35,1718802695,Partially cloudy,Partly cloudy throughout the day.
2024-06-20,1718821800,30.0,68.7,22.3,147.2,05:58:01,1718843281,18:41:49,1718889109,Partially cloudy,Partly cloudy throughout the day.
2024-06-21,1718908200,29.8,64.7,25.9,193.4,05:58:14,1718929694,18:42:02,1718975522,Partially cloudy,Partly cloudy throughout the day.
2024-06-22,1718994600,29.9,64.7,22.3,224.4,05:58:27,1719016107,18:42:14,1719061934,Partially cloudy,Partly cloudy throughout the day.
2024-06-23,1719081000,30.0,62.6,25.9,152.7,05:58:40,1719102520,18:42:27,1719148347,"Rain, Partially cloudy",Partly cloudy throughout the day with afternoon rain.
2024-06-24,1719167400,29.7,64.6,22.3,171.1,05:58:54,1719188934,18:42:38,1719234758,"Rain, Partially cloudy",Partly cloudy throughout the day with early morning rain.
2024-06-25,1719253800,28.5,74.4,33.5,133.2,05:59:08,1719275348,18:42:49,1719321169,"Rain, Partially cloudy",Partly cloudy throughout the day with a chance of rain throughout the day.
2024-06-26,1719340200,29.6,66.5,25.9,72.4,05:59:23,1719361763,18:43:00,1719407580,"Rain, Partially cloudy",Partly cloudy throughout the day with rain.
2024-06-27,1719426600,28.9,69.1,25.9,129.7,05:59:37,1719448177,18:43:10,1719493990,"Rain, Partially cloudy",Partly cloudy throughout the day with early morning rain.
2024-06-28,1719513000,30.8,62.8,25.9,237.2,05:59:52,1719534592,18:43:20,1719580400,"Rain, Partially cloudy",Partly cloudy throughout the day with afternoon rain.
2024-06-29,1719599400,31.2,62.1,22.3,270.6,06:00:07,1719621007,18:43:29,1719666809,Partially cloudy,Becoming cloudy in the afternoon.
2024-06-30,1719685800,30.9,66.7,16.6,215.1,06:00:22,1719707422,18:43:37,1719753217,Partially cloudy,Partly cloudy throughout the day.
2024-07-01,1719772200,30.4,66.1,24.1,177.8,06:00:37,1719793837,18:43:45,1719839625,Partially cloudy,Partly cloudy throughout the day.
2024-07-02,1719858600,30.5,64.8,22.3,174.9,06:00:52,1719880252,18:43:52,1719926032,Partially cloudy,Partly cloudy throughout the day.
2024-07-03,1719945000,31.8,62.0,25.9,249.7,06:01:08,1719966668,18:43:59,1720012439,Partially cloudy,Partly cloudy throughout the day.
2024-07-04,1720031400,31.6,59.7,22.3,211.6,06:01:23,1720053083,18:44:05,1720098845,Partially cloudy,Partly cloudy throughout the day.
2024-07-05,1720117800,30.9,63.9,29.5,205.9,06:01:38,1720139498,18:44:10,1720185250,"Rain, Partially cloudy",Partly cloudy throughout the day with afternoon rain.
2024-07-06,1720204200,29.9,63.9,27.7,156.7,06:01:54,1720225914,18:44:15,1720271655,"Rain, Partially cloudy",Partly cloudy throughout the day with early morning rain.
2024-07-07,1720290600,31.2,59.4,25.9,233.6,06:02:09,1720312329,18:44:19,1720358059,"Rain, Partially cloudy",Partly cloudy throughout the day with afternoon rain.
2024-07-08,1720377000,30.5,60.8,25.9,115.4,06:02:24,1720398744,18:44:22,1720444462,Partially cloudy,Partly cloudy throughout the day.
2024-07-09,1720463400,28.2,75.3,24.1,212.9,06:02:39,1720485159,18:44:24,1720530864,"Rain, Partially cloudy",Partly cloudy throughout the day with rain in the morning and afternoon.
2024-07-10,1720549800,30.6,64.6,14.8,247.0,06:02:55,1720571575,18:44:26,1720617266,"Rain, Partially cloudy",Partly cloudy throughout the day with afternoon rain.
2024-07-11,1720636200,30.6,68.7,13.0,250.7,06:03:10,1720657990,18:44:27,1720703667,"Rain, Partially cloudy",Partly cloudy throughout the day with afternoon rain.
2024-07-12,1720722600,29.3,72.6,27.7,236.7,06:03:24,1720744404,18:44:27,1720790067,"Rain, Partially cloudy",Partly cloudy throughout the day with afternoon rain.
2024-07-13,1720809000,29.3,69.7,27.7,165.6,06:03:39,1720830819,18:44:26,1720876466,"Rain, Partially cloudy",Partly cloudy throughout the day with morning rain.
2024-07-14,1720895400,29.8,65.3,27.7,179.9,06:03:54,1720917234,18:44:25,1720962865,"Rain, Partially cloudy",Partly cloudy throughout the day with rain.
2024-07-15,1720981800,28.4,75.2,31.7,142.3,06:04:08,1721003648,18:44:22,1721049262,"Rain, Partially cloudy",Partly cloudy throughout the day with rain.
2024-07-16,1721068200,28.9,67.3,35.3,67.3,06:04:22,1721090062,18:44:19,1721135659,"Rain, Partially cloudy",Partly cloudy throughout the day with rain.
2024-07-17,1721154600,29.2,65.4,29.5,145.6,06:04:36,1721176476,18:44:15,1721222055,"Rain, Partially cloudy",Partly cloudy throughout the day with early morning rain.
2024-07-18,1721241000,28.9,66.5,27.7,95.2,06:04:49,1721262889,18:44:11,1721308451,"Rain, Partially cloudy",Partly cloudy throughout the day with early morning rain.
2024-07-19,1721327400,30.9,54.8,33.5,221.3,06:05:03,1721349303,18:44:05,1721394845,Partially cloudy,Partly cloudy throughout the day.
2024-07-20,1721413800,31.1,56.2,27.7,186.0,06:05:16,1721435716,18:43:59,1721481239,Partially cloudy,Partly cloudy throughout the day.
2024-07-21,1721500200,31.4,52.3,31.7,219.3,06:05:29,1721522129,18:43:52,1721567632,Partially cloudy,Partly cloudy throughout the day.
2024-07-22,1721586600,30.8,57.1,25.9,237.2,06:05:41,1721608541,18:43:44,1721654024,Partially cloudy,Partly cloudy throughout the day.
2024-07-23,1721673000,31.3,58.6,25.9,245.4,06:05:53,1721694953,18:43:35,1721740415,Partially cloudy,Partly cloudy throughout the day.
2024-07-24,1721759400,31.8,56.9,24.1,260.7,06:06:05,1721781365,18:43:25,1721826805,Partially cloudy,Partly cloudy throughout the day.
2024-07-25,1721845800,30.2,62.2,25.9,172.8,06:06:17,1721867777,18:43:15,1721913195,Partially cloudy,Partly cloudy throughout the day.
2024-07-26,1721932200,31.5,58.2,27.7,204.6,06:06:28,1721954188,18:43:03,1721999583,"Rain, Partially cloudy",Partly cloudy throughout the day with afternoon rain.
2024-07-27,1722018600,31.3,56.8,24.1,229.2,06:06:39,1722040599,18:42:51,1722085971,"Rain, Partially cloudy",Partly cloudy throughout the day with afternoon rain.
2024-07-28,1722105000,30.8,57.4,27.7,224.2,06:06:49,1722127009,18:42:38,1722172358,Partially cloudy,Partly cloudy throughout the day.
2024-07-29,1722191400,30.5,60.0,30.7,118.9,06:06:59,1722213419,18:42:24,1722258744,"Rain, Partially cloudy",Partly cloudy throughout the day with rain.
2024-07-30,1722277800,30.3,62.4,25.9,177.0,06:07:09,1722299829,18:42:09,1722345129,"Rain, Partially cloudy",Partly cloudy throughout the day with rain.
2024-07-31,1722364200,30.7,58.5,25.1,211.3,06:07:18,1722386238,18:41:54,1722431514,"Rain, Partially cloudy",Partly cloudy throughout the day with afternoon rain.
2024-08-01,1722450600,31.3,59.4,22.3,230.6,06:07:27,1722472647,18:41:38,1722517898,"Rain, Partially cloudy",Partly cloudy throughout the day with late afternoon rain.
2024-08-02,1722537000,30.6,60.8,25.9,207.4,06:07:35,1722559055,18:41:21,1722604281,"Rain, Partially cloudy",Partly cloudy throughout the day with afternoon rain.
2024-08-03,1722623400,30.8,61.1,22.3,242.0,06:07:43,1722645463,18:41:03,1722690663,"Rain, Partially cloudy",Partly cloudy throughout the day with afternoon rain.
2024-08-04,1722709800,31.0,61.1,18.4,164.5,06:07:51,1722731871,18:40:44,1722777044,"Rain, Partially cloudy",Partly cloudy throughout the day with early morning rain.
2024-08-05,1722796200,28.4,76.7,14.8,243.4,06:07:58,1722818278,18:40:24,1722863424,"Rain, Partially cloudy",Partly cloudy throughout the day with early morning rain.
2024-08-06,1722882600,29.1,73.7,16.6,176.4,06:08:05,1722904685,18:40:04,1722949804,"Rain, Partially cloudy",Partly cloudy throughout the day with early morning rain.
2024-08-07,1722969000,27.8,78.7,18.4,189.5,06:08:11,1722991091,18:39:43,1723036183,"Rain, Partially cloudy",Partly cloudy throughout the day with rain.
2024-08-08,1723055400,27.4,81.5,11.2,188.1,06:08:17,1723077497,18:39:21,1723122561,"Rain, Partially cloudy",Partly cloudy throughout the day with rain.
2024-08-09,1723141800,29.3,72.5,18.4,260.5,06:08:23,1723163903,18:38:59,1723208939,"Rain, Partially cloudy",Partly cloudy throughout the day with early morning rain.
2024-08-10,1723228200,28.4,74.1,18.4,215.9,06:08:28,1723250308,18:38:36,1723295316,"Rain, Partially cloudy",Partly cloudy throughout the day with early morning rain.
2024-08-11,1723314600,28.3,79.2,22.3,194.6,06:08:32,1723336712,18:38:12,1723381692,"Rain, Partially cloudy",Partly cloudy throughout the day with early morning rain.
2024-08-12,1723401000,29.5,75.2,18.4,235.5,06:08:37,1723423117,18:37:47,1723468067,"Rain, Partially cloudy",Partly cloudy throughout the day with rain.
2024-08-13,1723487400,28.2,79.6,18.4,232.6,06:08:40,1723509520,18:37:22,1723554442,"Rain, Partially cloudy",Partly cloudy throughout the day with a chance of rain throughout the day.
2024-08-14,1723573800,27.8,82.3,11.2,222.2,06:08:44,1723595924,18:36:56,1723640816,"Rain, Partially cloudy",Partly cloudy throughout the day with rain clearing later.
2024-08-15,1723660200,28.7,80.1,14.8,244.3,06:08:47,1723682327,18:36:29,1723727189,"Rain, Partially cloudy",Partly cloudy throughout the day with rain.
2024-08-16,1723746600,29.6,78.0,14.8,209.6,06:08:50,1723768730,18:36:01,1723813561,"Rain, Partially cloudy",Partly cloudy throughout the day with afternoon rain.
2024-08-17,1723833000,28.5,81.2,13.0,220.0,06:08:52,1723855132,18:35:33,1723899933,"Rain, Partially cloudy",Partly cloudy throughout the day with rain.
2024-08-18,1723919400,29.5,73.9,16.6,243.3,06:08:54,1723941534,18:35:05,1723986305,Partially cloudy,Partly cloudy throughout the day.
2024-08-19,1724005800,28.0,82.5,14.8,209.5,06:08:55,1724027935,18:34:36,1724072676,"Rain, Partially cloudy",Partly cloudy throughout the day with rain in the morning and afternoon.
2024-08-20,1724092200,28.4,80.0,14.8,203.5,06:08:56,1724114336,18:34:06,1724159046,"Rain, Partially cloudy",Partly cloudy throughout the day with afternoon rain.
2024-08-21,1724178600,28.0,76.3,22.3,168.0,06:08:57,1724200737,18:33:36,1724245416,"Rain, Partially cloudy",Partly cloudy throughout the day with morning rain.
2024-08-22,1724265000,28.2,74.4,14.8,229.9,06:08:58,1724287138,18:33:05,1724331785,"Rain, Partially cloudy",Partly cloudy throughout the day with afternoon rain.
2024-08-23,1724351400,29.0,76.3,14.8,255.6,06:08:58,1724373538,18:32:33,1724418153,Partially cloudy,Partly cloudy throughout the day.
2024-08-24,1724437800,29.6,70.6,27.7,256.8,06:08:57,1724459937,18:32:01,1724504521,Partially cloudy,Partly cloudy throughout the day.
2024-08-25,1724524200,30.2,57.7,24.1,250.4,06:08:57,1724546337,18:31:29,1724590889,Partially cloudy,Partly cloudy throughout the day.
2024-08-26,1724610600,29.7,63.1,27.7,243.8,06:08:56,1724632736,18:30:56,1724677256,"Rain, Partially cloudy",Becoming cloudy in the afternoon with afternoon rain.
2024-08-27,1724697000,30.9,59.0,27.7,237.4,06:08:55,1724719135,18:30:22,1724763622,Partially cloudy,Partly cloudy throughout the day.
2024-08-28,1724783400,30.0,62.0,22.3,169.4,06:08:53,1724805533,18:29:48,1724849988,Partially cloudy,Partly cloudy throughout the day.
2024-08-29,1724869800,29.9,63.8,22.3,173.9,06:08:52,1724891932,18:29:14,1724936354,"Rain, Partially cloudy",Partly cloudy throughout the day with afternoon rain.
2024-08-30,1724956200,29.3,68.6,22.3,181.7,06:08:49,1724978329,18:28:40,1725022720,Partially cloudy,Partly cloudy throughout the day.
2024-08-31,1725042600,30.1,66.4,37.1,194.7,06:08:47,1725064727,18:28:04,1725109084,"Rain, Partially cloudy",Partly cloudy throughout the day with morning rain.
2024-09-01,1725129000,29.9,65.9,16.6,193.0,06:08:45,1725151125,18:27:29,1725195449,Partially cloudy,Partly cloudy throughout the day.
2024-09-02,1725215400,30.6,61.9,22.3,244.8,06:08:42,1725237522,18:26:53,1725281813,"Rain, Partially cloudy",Partly cloudy throughout the day with afternoon rain.
2024-09-03,1725301800,30.5,63.4,25.9,225.5,06:08:39,1725323919,18:26:17,1725368177,Partially cloudy,Partly cloudy throughout the day.
2024-09-04,1725388200,31.6,56.1,22.3,240.6,06:08:36,1725410316,18:25:41,1725454541,Partially cloudy,Partly cloudy throughout the day.
2024-09-05,1725474600,31.6,57.2,18.4,287.6,06:08:32,1725496712,18:25:04,1725540904,Partially cloudy,Partly cloudy throughout the day.
2024-09-06,1725561000,31.7,57.4,18.4,233.4,06:08:29,1725583109,18:24:27,1725627267,Partially cloudy,Partly cloudy throughout the day.
2024-09-07,1725647400,31.5,55.3,22.3,243.4,06:08:25,1725669505,18:23:50,1725713630,Partially cloudy,Partly cloudy throughout the day.
2024-09-08,1725733800,31.0,57.7,33.5,216.5,06:08:21,1725755901,18:23:12,1725799992,Partially cloudy,Partly cloudy throughout the day.
2024-09-09,1725820200,31.4,56.7,25.9,170.6,06:08:18,1725842298,18:22:35,1725886355,Partially cloudy,Partly cloudy throughout the day.
2024-09-10,1725906600,31.5,57.0,25.9,254.2,06:08:13,1725928693,18:21:57,1725972717,"Rain, Partially cloudy",Partly cloudy throughout the day with afternoon rain.
2024-09-11,1725993000,31.1,59.3,27.7,220.4,06:08:09,1726015089,18:21:19,1726059079,Partially cloudy,Partly cloudy throughout the day.
2024-09-12,1726079400,32.6,53.0,29.5,229.1,06:08:05,1726101485,18:20:41,1726145441,Partially cloudy,Partly cloudy throughout the day.
2024-09-13,1726165800,32.0,56.3,25.9,268.6,06:08:01,1726187881,18:20:03,1726231803,Partially cloudy,Partly cloudy throughout the day.
2024-09-14,1726252200,31.9,54.7,31.7,233.0,06:07:56,1726274276,18:19:24,1726318164,Partially cloudy,Partly cloudy throughout the day.
2024-09-15,1726338600,31.8,55.1,22.3,214.9,06:07:52,1726360672,18:18:46,1726404526,Partially cloudy,Partly cloudy throughout the day.
2024-09-16,1726425000,32.2,53.4,18.4,290.0,06:07:48,1726447068,18:18:08,1726490888,Partially cloudy,Partly cloudy throughout the day.
2024-09-17,1726511400,32.6,51.0,14.8,276.6,06:07:43,1726533463,18:17:29,1726577249,Partially cloudy,Partly cloudy throughout the day.
2024-09-18,1726597800,31.1,55.3,20.5,270.6,06:07:39,1726619859,18:16:51,1726663611,Partially cloudy,Partly cloudy throughout the day.
2024-09-19,1726684200,31.5,53.9,14.8,274.1,06:07:35,1726706255,18:16:12,1726749972,Partially cloudy,Partly cloudy throughout the day.
2024-09-20,1726770600,31.7,50.2,16.6,264.7,06:07:30,1726792650,18:15:34,1726836334,"Rain, Partially cloudy",Partly cloudy throughout the day with morning rain.
2024-09-21,1726857000,31.5,53.3,16.6,249.7,06:07:26,1726879046,18:14:55,1726922695,Partially cloudy,Partly cloudy throughout the day.
2024-09-22,1726943400,31.5,51.8,16.6,215.1,06:07:22,1726965442,18:14:17,1727009057,Partially cloudy,Partly cloudy throughout the day.
2024-09-23,1727029800,31.7,55.3,27.7,219.9,06:07:18,1727051838,18:13:39,1727095419,Partially cloudy,Partly cloudy throughout the day.
2024-09-24,1727116200,32.1,51.6,29.5,228.9,06:07:14,1727138234,18:13:01,1727181781,Partially cloudy,Partly cloudy throughout the day.
2024-09-25,1727202600,32.4,51.0,22.3,254.0,06:07:10,1727224630,18:12:23,1727268143,Partially cloudy,Partly cloudy throughout the day.
2024-09-26,1727289000,31.3,57.4,22.3,240.9,06:07:07,1727311027,18:11:45,1727354505,Partially cloudy,Partly cloudy throughout the day.
2024-09-27,1727375400,30.7,61.1,22.3,260.7,06:07:03,1727397423,18:11:08,1727440868,Partially cloudy,Partly cloudy throughout the day.
2024-09-28,1727461800,30.5,68.3,25.9,238.5,06:07:00,1727483820,18:10:31,1727527231,"Rain, Partially cloudy",Partly cloudy throughout the day with early morning rain.
2024-09-29,1727548200,30.3,69.5,20.5,231.9,06:06:57,1727570217,18:09:53,1727613593,"Rain, Partially cloudy",Partly cloudy throughout the day with early morning rain.
2024-09-30,1727634600,28.4,78.8,18.4,191.2,06:06:55,1727656615,18:09:17,1727699957,"Rain, Partially cloudy",Partly cloudy throughout the day with rain in the morning and afternoon.
2024-10-01,1727721000,27.5,81.0,18.4,244.4,06:06:52,1727743012,18:08:40,1727786320,"Rain, Partially cloudy",Partly cloudy throughout the day with afternoon rain.
2024-10-02,1727807400,29.1,74.3,22.3,284.6,06:06:50,1727829410,18:08:04,1727872684,"Rain, Partially cloudy",Partly cloudy throughout the day with early morning rain.
2024-10-03,1727893800,30.2,71.7,14.8,239.9,06:06:48,1727915808,18:07:28,1727959048,Partially cloudy,Partly cloudy throughout the day.
2024-10-04,1727980200,29.3,77.1,18.4,228.9,06:06:46,1728002206,18:06:53,1728045413,"Rain, Partially cloudy",Partly cloudy throughout the day with afternoon rain.
2024-10-05,1728066600,27.8,79.4,14.8,187.5,06:06:45,1728088605,18:06:18,1728131778,Partially cloudy,Partly cloudy throughout the day.
2024-10-06,1728153000,27.4,82.2,14.8,98.9,06:06:44,1728175004,18:05:43,1728218143,"Rain, Partially cloudy",Partly cloudy throughout the day with morning rain.
2024-10-07,1728239400,27.7,82.4,22.3,187.8,06:06:43,1728261403,18:05:09,1728304509,Partially cloudy,Partly cloudy throughout the day.
2024-10-08,1728325800,28.0,76.7,20.5,170.6,06:06:43,1728347803,18:04:35,1728390875,Partially cloudy,Partly cloudy throughout the day.
2024-10-09,1728412200,27.5,79.4,18.4,191.8,06:06:43,1728434203,18:04:02,1728477242,"Rain, Partially cloudy",Partly cloudy throughout the day with early morning rain.
2024-10-10,1728498600,27.9,76.8,16.6,154.5,06:06:44,1728520604,18:03:29,1728563609,Partially cloudy,Partly cloudy throughout the day.
2024-10-11,1728585000,27.4,81.2,14.8,173.8,06:06:45,1728607005,18:02:56,1728649976,"Rain, Partially cloudy",Partly cloudy throughout the day with afternoon rain.
2024-10-12,1728671400,27.1,83.2,22.3,124.1,06:06:46,1728693406,18:02:25,1728736345,"Rain, Partially cloudy",Partly cloudy throughout the day with rain.
2024-10-13,1728757800,26.4,83.3,18.4,151.5,06:06:48,1728779808,18:01:53,1728822713,"Rain, Overcast",Cloudy skies throughout the day with early morning rain.
2024-10-14,1728844200,25.5,87.4,20.5,75.2,06:06:50,1728866210,18:01:23,1728909083,"Rain, Partially cloudy",Partly cloudy throughout the day with rain clearing later.
2024-10-15,1728930600,26.5,81.4,9.4,116.5,06:06:53,1728952613,18:00:53,1728995453,Partially cloudy,Partly cloudy throughout the day.
2024-10-16,1729017000,27.5,77.1,16.6,144.7,06:06:56,1729039016,18:00:24,1729081824,Partially cloudy,Partly cloudy throughout the day.
2024-10-17,1729103400,29.2,68.8,25.9,197.0,06:07:00,1729125420,17:59:55,1729168195,Partially cloudy,Partly cloudy throughout the day.
2024-10-18,1729189800,29.4,71.1,14.8,207.7,06:07:05,1729211825,17:59:27,1729254567,"Rain, Partially cloudy",Partly cloudy throughout the day with late afternoon rain.
2024-10-19,1729276200,27.8,79.4,16.6,167.9,06:07:10,1729298230,17:59:00,1729340940,"Rain, Partially cloudy",Partly cloudy throughout the day with early morning rain.
2024-10-20,1729362600,27.7,83.0,11.2,188.7,06:07:15,1729384635,17:58:33,1729427313,"Rain, Partially cloudy",Partly cloudy throughout the day with rain clearing later.
2024-10-21,1729449000,28.0,80.3,13.0,223.2,06:07:21,1729471041,17:58:07,1729513687,Partially cloudy,Partly cloudy throughout the day.
2024-10-22,1729535400,27.9,81.8,18.4,166.9,06:07:28,1729557448,17:57:42,1729600062,Partially cloudy,Partly cloudy throughout the day.
2024-10-23,1729621800,27.1,79.2,16.6,224.5,06:07:35,1729643855,17:57:18,1729686438,"Rain, Partially cloudy",Partly cloudy throughout the day with early morning rain.
2024-10-24,1729708200,27.7,76.1,18.4,193.9,06:07:43,1729730263,17:56:54,1729772814,"Rain, Partially cloudy",Partly cloudy throughout the day with early morning rain.
2024-10-25,1729794600,25.9,88.1,18.4,187.4,06:07:51,1729816671,17:56:32,1729859192,"Rain, Partially cloudy",Partly cloudy throughout the day with rain.
2024-10-26,1729881000,27.5,80.2,13.0,233.5,06:08:00,1729903080,17:56:10,1729945570,"Rain, Partially cloudy",Partly cloudy throughout the day with early morning rain.
2024-10-27,1729967400,28.3,75.8,14.8,201.5,06:08:10,1729989490,17:55:49,1730031949,Partially cloudy,Partly cloudy throughout the day.
2024-10-28,1730053800,28.7,72.9,16.6,273.9,06:08:21,1730075901,17:55:29,1730118329,Partially cloudy,Partly cloudy throughout the day.
2024-10-29,1730140200,28.4,74.9,14.8,217.2,06:08:32,1730162312,17:55:10,1730204710,"Rain, Partially cloudy",Partly cloudy throughout the day with early morning rain.
2024-10-30,1730226600,28.8,76.9,18.4,219.5,06:08:43,1730248723,17:54:52,1730291092,Partially cloudy,Partly cloudy throughout the day.
2024-10-31,1730313000,28.9,77.2,18.4,216.7,06:08:56,1730335136,17:54:34,1730377474,"Rain, Partially cloudy",Partly cloudy throughout the day with early morning rain.
2024-11-01,1730399400,26.9,82.9,18.4,176.9,06:09:09,1730421549,17:54:18,1730463858,"Rain, Partially cloudy",Partly cloudy throughout the day with afternoon rain.
2024-11-02,1730485800,26.6,84.3,14.8,170.6,06:09:22,1730507962,17:54:03,1730550243,"Rain, Partially cloudy",Partly cloudy throughout the day with rain.
2024-11-03,1730572200,26.3,84.3,14.8,194.8,06:09:37,1730594377,17:53:48,1730636628,"Rain, Partially cloudy",Partly cloudy throughout the day with afternoon rain.
2024-11-04,1730658600,27.0,80.8,14.8,180.9,06:09:52,1730680792,17:53:35,1730723015,"Rain, Partially cloudy",Partly cloudy throughout the day with afternoon rain.
2024-11-05,1730745000,27.3,74.3,18.4,227.7,06:10:07,1730767207,17:53:22,1730809402,Partially cloudy,Partly cloudy throughout the day.
2024-11-06,1730831400,28.1,73.2,14.8,247.8,06:10:24,1730853624,17:53:11,1730895791,"Rain, Partially cloudy",Partly cloudy throughout the day with early morning rain.
2024-11-07,1730917800,27.6,77.0,18.4,159.3,06:10:41,1730940041,17:53:00,1730982180,Partially cloudy,Partly cloudy throughout the day.
2024-11-08,1731004200,26.3,86.0,11.2,113.7,06:10:59,1731026459,17:52:51,1731068571,"Rain, Partially cloudy",Partly cloudy throughout the day with rain in the morning and afternoon.
2024-11-09,1731090600,26.9,79.1,22.3,244.0,06:11:17,1731112877,17:52:43,1731154963,Partially cloudy,Partly cloudy throughout the day.
2024-11-10,1731177000,27.6,70.2,22.3,250.8,06:11:36,1731199296,17:52:36,1731241356,Partially cloudy,Partly cloudy throughout the day.
2024-11-11,1731263400,27.8,68.7,20.5,246.9,06:11:56,1731285716,17:52:29,1731327749,Partially cloudy,Clearing in the afternoon.
2024-11-12,1731349800,28.4,72.7,14.8,207.0,06:12:16,1731372136,17:52:24,1731414144,Partially cloudy,Partly cloudy throughout the day.
2024-11-13,1731436200,27.3,80.2,29.5,150.0,06:12:38,1731458558,17:52:20,1731500540,"Rain, Partially cloudy",Partly cloudy throughout the day with afternoon rain.
2024-11-14,1731522600,26.7,81.9,22.3,72.8,06:12:59,1731544979,17:52:17,1731586937,"Rain, Partially cloudy",Partly cloudy throughout the day with rain in the morning and afternoon.
2024-11-15,1731609000,27.0,83.0,22.3,94.2,06:13:22,1731631402,17:52:15,1731673335,Partially cloudy,Partly cloudy throughout the day.
2024-11-16,1731695400,26.9,82.6,18.4,122.0,06:13:45,1731717825,17:52:14,1731759734,"Rain, Partially cloudy",Partly cloudy throughout the day with afternoon rain.
2024-11-17,1731781800,25.9,83.5,29.5,215.0,06:14:08,1731804248,17:52:15,1731846135,Partially cloudy,Partly cloudy throughout the day.
2024-11-18,1731868200,26.5,81.8,22.3,102.9,06:14:32,1731890672,17:52:16,1731932536,"Rain, Partially cloudy",Partly cloudy throughout the day with rain.
2024-11-19,1731954600,26.9,77.5,22.3,107.7,06:14:57,1731977097,17:52:18,1732018938,"Rain, Partially cloudy",Partly cloudy throughout the day with rain in the morning and afternoon.
2024-11-20,1732041000,24.5,87.8,22.3,19.3,06:15:23,1732063523,17:52:22,1732105342,"Rain, Overcast",Cloudy skies throughout the day with a chance of rain throughout the day.
2024-11-21,1732127400,25.4,85.1,16.6,91.2,06:15:48,1732149948,17:52:26,1732191746,"Rain, Partially cloudy",Partly cloudy throughout the day with rain.
2024-11-22,1732213800,26.1,77.6,18.4,233.3,06:16:15,1732236375,17:52:32,1732278152,Partially cloudy,Partly cloudy throughout the day.
2024-11-23,1732300200,26.6,76.9,20.5,181.7,06:16:42,1732322802,17:52:39,1732364559,Partially cloudy,Partly cloudy throughout the day.
2024-11-24,1732386600,26.2,79.3,16.6,137.8,06:17:09,1732409229,17:52:46,1732450966,Partially cloudy,Partly cloudy throughout the day.
2024-11-25,1732473000,26.0,77.4,18.4,128.2,06:17:37,1732495657,17:52:55,1732537375,Partially cloudy,Partly cloudy throughout the day.
2024-11-26,1732559400,24.4,82.6,13.0,30.8,06:18:05,1732582085,17:53:05,1732623785,"Rain, Overcast",Cloudy skies throughout the day with afternoon rain.
2024-11-27,1732645800,23.6,89.4,14.8,77.5,06:18:34,1732668514,17:53:16,1732710196,"Rain, Overcast",Cloudy skies throughout the day with rain clearing later.
2024-11-28,1732732200,25.7,77.4,16.6,104.3,06:19:03,1732754943,17:53:28,1732796608,Overcast,Cloudy skies throughout the day.
2024-11-29,1732818600,25.3,79.8,14.8,90.4,06:19:33,1732841373,17:53:41,1732883021,"Rain, Partially cloudy",Partly cloudy throughout the day with morning rain.
2024-11-30,1732905000,26.6,79.1,14.8,149.9,06:20:03,1732927803,17:53:55,1732969435,Partially cloudy,Partly cloudy throughout the day.
2024-12-01,1732991400,27.0,80.9,14.8,88.0,06:20:33,1733014233,17:54:10,1733055850,"Rain, Partially cloudy",Partly cloudy throughout the day with a chance of rain throughout the day.
2024-12-02,1733077800,27.4,79.2,20.5,195.6,06:21:04,1733100664,17:54:25,1733142265,"Rain, Partially cloudy",Partly cloudy throughout the day with morning rain.
2024-12-03,1733164200,27.5,82.7,14.8,181.0,06:21:34,1733187094,17:54:42,1733228682,"Rain, Partially cloudy",Partly cloudy throughout the day with early morning rain.
2024-12-04,1733250600,27.8,78.6,16.6,142.3,06:22:05,1733273525,17:55:00,1733315100,"Rain, Partially cloudy",Partly cloudy throughout the day with early morning rain.
2024-12-05,1733337000,26.9,81.9,16.6,191.1,06:22:37,1733359957,17:55:18,1733401518,"Rain, Partially cloudy",Partly cloudy throughout the day with early morning rain.
2024-12-06,1733423400,27.3,77.4,18.4,212.8,06:23:08,1733446388,17:55:38,1733487938,Partially cloudy,Partly cloudy throughout the day.
2024-12-07,1733509800,27.2,79.1,20.5,200.0,06:23:39,1733532819,17:55:58,1733574358,Partially cloudy,Partly cloudy throughout the day.
2024-12-08,1733596200,27.0,76.6,14.8,217.8,06:24:11,1733619251,17:56:19,1733660779,Partially cloudy,Partly cloudy throughout the day.
2024-12-09,1733682600,26.8,76.2,16.6,224.3,06:24:43,1733705683,17:56:41,1733747201,Partially cloudy,Partly cloudy throughout the day.
2024-12-10,1733769000,27.5,73.9,20.5,210.7,06:25:15,1733792115,17:57:04,1733833624,Partially cloudy,Partly cloudy throughout the day.
2024-12-11,1733855400,26.3,72.5,27.7,84.9,06:25:46,1733878546,17:57:28,1733920048,Partially cloudy,Partly cloudy throughout the day.
2024-12-12,1733941800,24.1,90.8,22.3,29.5,06:26:18,1733964978,17:57:52,1734006472,"Rain, Overcast",Cloudy skies throughout the day with a chance of rain throughout the day.
2024-12-13,1734028200,24.2,93.2,20.5,38.2,06:26:50,1734051410,17:58:17,1734092897,"Rain, Overcast",Cloudy skies throughout the day with a chance of rain throughout the day.
2024-12-14,1734114600,22.4,90.8,24.1,99.2,06:27:22,1734137842,17:58:42,1734179322,"Rain, Partially cloudy",Partly cloudy throughout the day with morning rain.
2024-12-15,1734201000,25.1,75.4,20.5,234.9,06:27:53,1734224273,17:59:09,1734265749,Partially cloudy,Partly cloudy throughout the day.
2024-12-16,1734287400,25.4,73.4,27.3,185.0,06:28:25,1734310705,17:59:36,1734352176,Partially cloudy,Partly cloudy throughout the day.
2024-12-17,1734373800,26.3,74.2,11.2,220.2,06:28:56,1734397136,18:00:03,1734438603,Partially cloudy,Partly cloudy throughout the day.
2024-12-18,1734460200,28.1,73.6,14.8,234.7,06:29:27,1734483567,18:00:31,1734525031,Partially cloudy,Partly cloudy throughout the day.
2024-12-19,1734546600,27.6,78.9,14.8,190.3,06:29:57,1734569997,18:01:00,1734611460,"Rain, Partially cloudy",Partly cloudy throughout the day with morning rain.
2024-12-20,1734633000,27.7,78.6,14.8,236.7,06:30:28,1734656428,18:01:29,1734697889,Partially cloudy,Partly cloudy throughout the day.
2024-12-21,1734719400,27.7,76.9,22.3,211.3,06:30:58,1734742858,18:01:59,1734784319,Partially cloudy,Partly cloudy throughout the day.
2024-12-22,1734805800,27.1,80.1,18.4,189.0,06:31:27,1734829287,18:02:29,1734870749,"Rain, Partially cloudy",Partly cloudy throughout the day with early morning rain.
2024-12-23,1734892200,25.7,85.3,9.4,197.1,06:31:57,1734915717,18:02:59,1734957179,"Rain, Partially cloudy",Partly cloudy throughout the day with rain clearing later.
2024-12-24,1734978600,26.4,76.7,9.4,214.4,06:32:26,1735002146,18:03:30,1735043610,Partially cloudy,Partly cloudy throughout the day.
2024-12-25,1735065000,26.9,76.1,13.0,209.8,06:32:54,1735088574,18:04:01,1735130041,Partially cloudy,Partly cloudy throughout the day.
2024-12-26,1735151400,26.8,81.7,13.0,129.1,06:33:22,1735175002,18:04:32,1735216472,Partially cloudy,Partly cloudy throughout the day.
2024-12-27,1735237800,26.2,80.4,22.3,149.1,06:33:49,1735261429,18:05:04,1735302904,Partially cloudy,Partly cloudy throughout the day.
2024-12-28,1735324200,26.0,77.7,22.3,178.3,06:34:16,1735347856,18:05:36,1735389336,"Rain, Partially cloudy",Partly cloudy throughout the day with early morning rain.
2024-12-29,1735410600,26.3,75.4,20.5,232.8,06:34:43,1735434283,18:06:08,1735475768,"Rain, Partially cloudy",Partly cloudy throughout the day with early morning rain.
2024-12-30,1735497000,26.4,80.9,22.3,112.8,06:35:08,1735520708,18:06:40,1735562200,"Rain, Partially cloudy",Partly cloudy throughout the day with afternoon rain.
2024-12-31,1735583400,26.4,76.0,25.9,123.7,06:35:33,1735607133,18:07:13,1735648633,Partially cloudy,Partly cloudy throughout the day.
