feature,importance_clf,importance_reg,rank_clf
current_stage_encoded,0.13508886017180288,0.01727795047031281,1
cumulative_vpd_optimal_hours,0.04746945172915296,0.022755260387910096,2
cumulative_night_humidity_exposure,0.043824687675039845,0.018945619395134176,3
cumulative_vpd_stress_hours,0.04206064566469075,0.01692300577844171,4
cumulative_solar_exposure,0.040947051144054974,0.017836149542015622,5
cumulative_favorable_temp_hours,0.03247617008108239,0.012657023535880529,6
temperature_rolling_max_72h,0.024306628818409223,0.01580549417951819,7
vpd_rolling_min_72h,0.023444531333369253,0.017844283883568204,8
co2_rolling_mean_72h,0.02276990468346695,0.017391261339458255,9
temperature_rolling_mean_72h,0.021560472086871108,0.012683528002612573,10
humidity_rolling_min_72h,0.021223675851474732,0.011656254565638244,11
co2_rolling_mean_24h,0.019885669743648218,0.006247995516104344,12
stage_favorable_temp_hours,0.01979345694503005,0.035561951097663136,13
humidity_rolling_max_72h,0.019405313387438703,0.01274912348519085,14
temperature_rolling_min_72h,0.01907733549123114,0.009808738685121722,15
stage_vpd_optimal_hours,0.018781770590459917,0.09346367092476981,16
vpd_rolling_mean_72h,0.01794830337982302,0.011770796135597146,17
dew_point_rolling_max_72h,0.01681869750817305,0.017851322444881707,18
vpd_rolling_max_72h,0.01674645588474363,0.015424544081882405,19
stage_vpd_stress_hours,0.01489788981625799,0.0691815291195425,20
dew_point_rolling_mean_72h,0.014681897417860013,0.014805864889390383,21
humidity_rolling_mean_72h,0.01389613911041575,0.008099755759619267,22
temperature_rolling_max_24h,0.013408476911134845,0.007681952614764694,23
solar_radiation_rolling_max_72h,0.013013622133763173,0.011646793378588793,24
stage_solar_exposure,0.012949242870219015,0.10297833764374359,25
stage_age_hours,0.0125517118176359,0.13366611636858905,26
day_temperature_mean_24h,0.012061159442509621,0.005047179664747445,27
temperature_rolling_mean_24h,0.011782535717586456,0.006933843760517784,28
co2_rolling_min_72h,0.011280679035940764,0.009803223633816928,29
dew_point_rolling_min_72h,0.011091224467800465,0.01301852525658007,30
night_temperature_mean_24h,0.010701877255122803,0.007797989505576146,31
vpd_rolling_mean_24h,0.010503099659944854,0.00506766731194443,32
temperature_rolling_min_24h,0.010480275025007984,0.005722117049286285,33
air_velocity_rolling_mean_72h,0.009796207997978942,0.007844091578248292,34
day_vpd_mean_24h,0.009467434932692873,0.003843986211098112,35
vpd_rolling_min_24h,0.009021435729610871,0.00693086751938681,36
vpd_rolling_std_72h,0.0090052214541441,0.006223786594107871,37
humidity_rolling_max_24h,0.008306306319223673,0.006839894686765776,38
co2_rolling_std_72h,0.007751281116666302,0.00723238274588918,39
solar_radiation_rolling_std_72h,0.00759681722906006,0.007060461338149339,40
dew_point_rolling_std_72h,0.007475878330440901,0.0037203006819126958,41
night_vpd_mean_24h,0.007458227875707781,0.004365511852868248,42
air_velocity_rolling_min_72h,0.007226254304559787,0.011272610303536565,43
air_velocity_rolling_max_72h,0.007027511534755432,0.011243366923909428,44
vpd_rolling_max_24h,0.006718072275731957,0.005458691461521321,45
air_velocity_rolling_min_24h,0.0064945871406399056,0.00391086493705114,46
solar_radiation_rolling_mean_72h,0.0064861457373116905,0.0063084802778353485,47
dew_point_rolling_min_24h,0.006436468978512748,0.004545077830198069,48
dew_point_rolling_mean_24h,0.006316095161013112,0.007576538114575191,49
air_velocity_rolling_std_72h,0.0059415116664512345,0.006396876089630595,50
humidity_rolling_mean_24h,0.004754912920955294,0.003962517559280781,51
dew_point_rolling_max_24h,0.004668737805501301,0.011303594786102104,52
humidity_rolling_min_24h,0.004121765513548899,0.004230784017452285,53
night_humidity_mean_24h,0.004012056137588085,0.004224903988032936,54
co2_rolling_min_24h,0.003715713617538938,0.0029825718393659112,55
temperature_rolling_std_72h,0.003635688069913415,0.0045603198526436945,56
air_velocity_rolling_mean_24h,0.0035157070620045524,0.0032679841201548017,57
solar_radiation_rolling_mean_24h,0.003238457293523754,0.0029909460370693744,58
solar_radiation_rolling_std_24h,0.003105008902077127,0.0026509778196271167,59
day_humidity_mean_24h,0.0030304429521103723,0.00324037898355148,60
air_velocity_rolling_min_12h,0.002922468120412115,0.002067718547008573,61
solar_radiation_rolling_max_24h,0.002848312440159416,0.003074097765640618,62
air_velocity_rolling_mean_6h,0.0026765193885750988,0.0019297164909380803,63
day_solar_mean_24h,0.0024811170705177515,0.0032111535120763982,64
air_velocity_rolling_max_24h,0.0023765459698002374,0.004070323669479483,65
air_velocity_rolling_min_6h,0.002338539650992891,0.0017200203966854294,66
day_co2_mean_24h,0.0023030608481472373,0.00355737211366718,67
vpd_rolling_min_12h,0.0022840784515573173,0.0008686798384637784,68
air_velocity,0.0022180463515616864,0.0019245908821900436,69
air_velocity_rolling_max_12h,0.002193112879179829,0.002142783489504938,70
air_velocity_lag_2h,0.0021790512978860327,0.0021072899949530163,71
co2_rolling_std_24h,0.0020710074342312934,0.003135647753830934,72
air_velocity_rolling_mean_12h,0.0019123668056594614,0.002622180196432263,73
air_velocity_lag_12h,0.0018758918309461743,0.0017454411672915351,74
air_velocity_lag_24h,0.0018504145964551018,0.0023044783339722374,75
air_velocity_lag_6h,0.0016737885818979622,0.001928375045839053,76
air_velocity_lag_1h,0.0016568623896422033,0.0024926278182638155,77
humidity_rolling_std_72h,0.0015692000017865238,0.001675039114425621,78
air_velocity_lag_3h,0.0015644806847967651,0.0015204952983024923,79
vpd_rolling_std_24h,0.001351955014899328,0.001958897452644624,80
air_velocity_rolling_max_6h,0.0013488813311679055,0.001718954365757463,81
humidity_rolling_min_12h,0.0010093721025883928,0.0006732459047835843,82
air_velocity_rolling_std_24h,0.0009308970485780229,0.0007671804540224483,83
humidity_rolling_max_12h,0.0007928389087210158,0.0010817714681588667,84
temperature_rolling_max_12h,0.0007786953774658737,0.0007912250018440894,85
dew_point_rolling_std_24h,0.0007075243125721163,0.0008083393327945543,86
diurnal_temperature_range_24h,0.0007051794885900223,0.0006364153961460246,87
temperature_rolling_min_12h,0.0006668225566960986,0.00033770091498822085,88
vpd_rolling_max_12h,0.0004979943423897682,0.0002910871664811906,89
dew_point_rolling_min_12h,0.0004423606642009423,0.0002926509864844767,90
humidity_rolling_max_6h,0.0004142084176173863,5.147411208263288e-05,91
temperature_rolling_std_24h,0.0003932505484605656,0.0008389770767942712,92
dew_point_rolling_max_12h,0.00037063938449599133,0.0007369029868663326,93
solar_radiation_rolling_max_12h,0.00032554733248924515,0.00027418736176510323,94
humidity_rolling_mean_6h,0.0003168473745423069,0.00016102887523332816,95
night_humidity_std_24h,0.0002845226463275347,0.0002438429238038086,96
co2_rolling_min_12h,0.0002607638955076171,0.00024530263814325447,97
vpd_rolling_min_6h,0.00025433938747789755,7.15442325806094e-05,98
dewpoint_spread,0.0002438785050463236,2.109107306043072e-05,99
diurnal_humidity_range_24h,0.00023729422076870053,0.00028621133330750895,100
temperature_x_humidity,0.00022790004173674715,0.000337606792227914,101
humidity_rolling_std_24h,0.00020454235189302247,0.0001757877580770326,102
humidity_rolling_mean_12h,0.0001726110829204484,0.00026373979703011967,103
temperature_rolling_min_6h,0.0001582859845220527,4.496403689405506e-05,104
air_velocity_rolling_std_12h,0.00014786787563913405,7.998878978714613e-05,105
vpd_rolling_max_6h,0.00012056902858840412,7.590151196561457e-05,106
humidity_lag_6h,0.00011710226074506203,4.7051906944532964e-05,107
humidity_lag_3h,0.00010902555462447191,3.667944514833358e-05,108
humidity_rolling_min_6h,0.00010280319132517921,0.00018751737052900174,109
vpd_rolling_mean_12h,9.813438005004943e-05,0.0002798977661468707,110
dew_point_rolling_mean_12h,9.030966998921572e-05,0.0001045902497180899,111
dew_point_rolling_min_6h,8.881441301910181e-05,5.468671687381752e-05,112
humidity_lag_24h,8.834140708447393e-05,0.00010076703750570241,113
dew_point_rolling_max_6h,7.91285739789087e-05,0.00010309159763065191,114
temperature_rolling_mean_6h,6.429787185900052e-05,3.616194788359845e-05,115
dew_point_lag_12h,6.268725675305736e-05,1.538684208163497e-05,116
vpd_lag_24h,5.98403563852672e-05,2.8615643532574068e-05,117
humidity_lag_1h,5.7128899987345044e-05,4.8074435235053206e-05,118
humidity,5.296739317233207e-05,0.00010017694307032575,119
dew_point_lag_3h,5.2196522588207815e-05,1.6056271471108478e-05,120
vpd,5.1609117934192014e-05,4.0749766659887585e-05,121
solar_radiation_rolling_std_12h,5.0738461453851314e-05,4.0743956171854875e-05,122
vpd_lag_1h,4.73744133583943e-05,1.7671109526817968e-05,123
humidity_x_vpd,4.701651739280521e-05,1.3902527010297959e-05,124
dew_point_rolling_mean_6h,4.4597548114787546e-05,4.346020165551478e-05,125
dew_point_lag_6h,4.35224930122623e-05,4.7034813031821315e-05,126
temperature_rolling_max_6h,3.9154006219123955e-05,4.425605229830141e-05,127
temperature_rolling_mean_12h,3.729651366286418e-05,8.788369687363153e-05,128
air_velocity_rolling_std_6h,3.668727651795673e-05,5.104690748647539e-06,129
temperature_lag_6h,3.628671391943388e-05,1.6621493568558937e-05,130
humidity_rolling_std_6h,3.532163453177351e-05,1.4102547081493066e-05,131
vpd_rolling_std_12h,3.507662069369949e-05,2.072176528903423e-05,132
temperature_x_vpd,3.40972417575482e-05,1.7493523550013157e-05,133
dew_point_lag_2h,3.4075214665717996e-05,2.4466727072185738e-05,134
vpd_lag_6h,3.2773198680349455e-05,2.578262175248856e-05,135
dew_point_lag_1h,3.2236396655900347e-05,1.422935211918863e-05,136
humidity_lag_12h,3.1332232926403796e-05,6.096385799761313e-05,137
temperature,3.0452997796181734e-05,1.7992467729160443e-05,138
humidity_rolling_std_12h,2.641603895948267e-05,1.8607381299895707e-05,139
vpd_lag_12h,2.639889350866469e-05,2.8958121316131402e-05,140
dew_point_rolling_std_12h,2.5846632084307888e-05,1.2812273985550644e-05,141
temperature_lag_12h,2.485427011832158e-05,3.178211600036175e-05,142
solar_radiation_rolling_max_6h,2.431809230860389e-05,3.514586267934694e-05,143
co2_rolling_min_6h,2.3425811514938856e-05,3.1240718900871133e-06,144
vpd_rolling_mean_6h,2.0145376431894493e-05,0.00013172256441929773,145
solar_radiation_rolling_mean_12h,1.998143284652804e-05,1.164771031188416e-05,146
vpd_lag_2h,1.8788953749690106e-05,6.0753661715506295e-06,147
solar_radiation_lag_6h,1.781928919691751e-05,5.949866821328414e-06,148
dew_point_rolling_std_6h,1.7038611502766323e-05,9.668734432950377e-06,149
temperature_rolling_std_12h,1.692011247831409e-05,1.3205273361024338e-05,150
humidity_lag_2h,1.6415426388825318e-05,2.2257640680854595e-05,151
co2,1.6349499326507163e-05,1.1024019987092373e-05,152
temperature_lag_3h,1.5608830858300573e-05,3.0196906985791898e-05,153
co2_rolling_std_12h,1.4992273726506083e-05,2.5797989086518237e-06,154
co2_lag_12h,1.4643470730865485e-05,9.759672642691044e-06,155
solar_radiation_lag_12h,1.4380227466274411e-05,1.7899388344206855e-05,156
solar_radiation,1.3899572565876488e-05,2.1400572311773454e-06,157
temperature_rolling_std_6h,1.3446861262665146e-05,1.5002186183592021e-05,158
solar_radiation_lag_2h,1.2241242819048014e-05,1.677952221579582e-05,159
vpd_rolling_std_6h,1.1377945193992476e-05,1.0393003693343634e-05,160
radiation_x_vpd,1.123270134871973e-05,3.2293962921374926e-06,161
dew_point,1.1185440262594809e-05,1.6231582004685054e-05,162
dew_point_lag_24h,1.0604276111474513e-05,2.3437484960190037e-05,163
vpd_lag_3h,1.026321002787054e-05,1.5870961951384263e-05,164
co2_rolling_mean_12h,1.0254103577830478e-05,1.040394320573566e-05,165
solar_radiation_lag_1h,9.78151923882708e-06,3.2864331208226e-06,166
radiation_x_temperature,9.265032693867585e-06,2.076719110970827e-06,167
co2_rolling_std_6h,8.262254092968413e-06,1.5261606078498093e-06,168
temperature_lag_1h,7.657657896653884e-06,2.8591799399072506e-05,169
temperature_lag_24h,7.4344919001609265e-06,1.2859954828213056e-05,170
solar_radiation_lag_24h,7.191613251005292e-06,5.189218340767036e-06,171
co2_lag_6h,7.158568596566768e-06,4.606570461198572e-06,172
day_night_flag,7.00142871245455e-06,3.073792833750123e-06,173
co2_lag_24h,6.627625587595617e-06,8.551349112908402e-06,174
temperature_lag_2h,6.3279944583473346e-06,1.512185161967988e-05,175
co2_rolling_max_6h,5.898497064372452e-06,4.6580548535316535e-07,176
co2_lag_1h,5.781682225889428e-06,3.4258418987601854e-06,177
solar_radiation_rolling_std_6h,4.6936392095625625e-06,6.996195598830281e-06,178
solar_radiation_rolling_mean_6h,3.504543044192621e-06,6.106311387595818e-06,179
solar_radiation_lag_3h,3.4738047022548824e-06,2.706825130312258e-06,180
leaf_wetness_proxy,2.3975554210479057e-06,4.789690857396228e-08,181
co2_rolling_mean_6h,1.4669954309894768e-06,4.4008497289091055e-06,182
co2_lag_2h,6.451273143266339e-07,2.230587746236625e-06,183
co2_lag_3h,4.6182147548279294e-07,1.9774614054542055e-06,184
co2_rolling_max_12h,2.164191562540655e-07,0.0,185
solar_radiation_rolling_min_12h,1.618507709615278e-07,0.0,186
solar_radiation_rolling_min_6h,4.0749255092773005e-18,1.2293923266587654e-06,187
solar_radiation_rolling_min_72h,0.0,0.0,188
solar_radiation_rolling_min_24h,0.0,0.0,189
co2_rolling_max_24h,0.0,0.0,190
co2_rolling_max_72h,0.0,0.0,191
stage_change_flag,0.0,0.0,192
night_co2_mean_24h,0.0,0.0,193
