,indoor_temp,indoor_humidity,indoor_air_velocity,indoor_CO2,solarradiation,vpd,dew_point,stage_index,total_cycle_progress_pct
indoor_temp,1.0,-0.7518,0.1719,-0.3638,0.7872,0.897,0.8104,-0.0557,-0.0397
indoor_humidity,-0.7518,1.0,-0.4095,0.4209,-0.4217,-0.935,-0.2229,0.0337,0.0249
indoor_air_velocity,0.1719,-0.4095,1.0,-0.0157,-0.0288,0.3222,-0.1098,-0.0575,-0.0579
indoor_CO2,-0.3638,0.4209,-0.0157,1.0,-0.2757,-0.4485,-0.1639,0.017,0.0201
solarradiation,0.7872,-0.4217,-0.0288,-0.2757,1.0,0.6254,0.7891,0.0108,0.0169
vpd,0.897,-0.935,0.3222,-0.4485,0.6254,1.0,0.4953,-0.0464,-0.0343
dew_point,0.8104,-0.2229,-0.1098,-0.1639,0.7891,0.4953,1.0,-0.0524,-0.0366
stage_index,-0.0557,0.0337,-0.0575,0.017,0.0108,-0.0464,-0.0524,1.0,0.9738
total_cycle_progress_pct,-0.0397,0.0249,-0.0579,0.0201,0.0169,-0.0343,-0.0366,0.9738,1.0
