timestamp,cycle_id,cycle_label,season_window,real_or_synthetic_flag,year,month,day_of_year,week_of_year,hour,season_label,days_from_cycle_start,stage_name,stage_index,hours_in_current_stage,days_in_current_stage,stage_duration_hours,stage_duration_days,stage_progress_pct,total_cycle_progress_pct,estimated_days_to_next_stage,estimated_hours_to_next_stage,is_stage_transition,indoor_temp,indoor_humidity,indoor_air_velocity,indoor_CO2,solarradiation,day_night_flag,vpd,dew_point,leaf_wetness_proxy,temperature_rolling_mean_24h,humidity_rolling_mean_24h,vpd_proxy,light_period_flag,cumulative_gdd_like_index,cycle_origin_type,prototype_cycle_id,augmentation_method,run_id,target_stage_24h,target_stage_index_24h,target_stage_progress_24h,target_stage_48h,target_stage_index_48h,target_stage_progress_48h,target_hours_to_next_stage
2024-07-01 00:00:00,1,kharif_2024,Kharif (Jun–Jul 2024),synthetic,2024,7,183,27,0,southwest_monsoon,0.0,seedling,0,0.0,0.0,288,12,0.0,0.0,12.0,288.0,False,29.0022225211328,75.92962913144534,2.41,440.0,0.0,0.0,0.9643052986270528,24.188148347421865,0.0,29.0022,75.9296,0.9643,0,0.7918,original,1,original,growth_progression_20260308_202542,seedling,0.0,8.333,seedling,0.0,16.667,288.0
2024-07-13 13:00:00,1,kharif_2024,Kharif (Jun–Jul 2024),synthetic,2024,7,195,28,13,southwest_monsoon,12.5417,early_vegetative,1,13.0,0.5417,624,26,2.083,11.099,25.4583,611.0,False,35.097222548022714,64.17029981274311,2.77,392.0021341583265,159.95731683346972,1.0,2.025440595146067,27.931282510571336,0.0,30.7139,73.0535,2.0254,1,246.0189,original,1,original,growth_progression_20260308_202542,early_vegetative,1.0,5.929,early_vegetative,1.0,9.776,611.0
2024-07-26 02:00:00,1,kharif_2024,Kharif (Jun–Jul 2024),synthetic,2024,7,208,30,2,southwest_monsoon,25.0833,early_vegetative,1,314.0,13.0833,624,26,50.321,22.198,12.9167,310.0,False,29.37867965644036,62.13553390593274,2.77,400.0,0.0,1.0,1.5502376540456737,21.805786437626907,0.0,31.808,63.8293,1.5502,0,490.044,original,1,original,growth_progression_20260308_202542,early_vegetative,1.0,54.167,early_vegetative,1.0,58.013,310.0
2024-08-07 15:00:00,1,kharif_2024,Kharif (Jun–Jul 2024),synthetic,2024,8,220,32,15,southwest_monsoon,37.625,early_vegetative,1,615.0,25.625,624,26,98.558,33.296,0.375,9.0,False,30.8,81.2,1.84,440.0,133.99673503485076,0.0,0.8350379266196692,27.040000000000003,0.0,29.7521,79.126,0.835,1,735.297,original,1,original,growth_progression_20260308_202542,flowering_initiation,2.0,5.682,flowering_initiation,2.0,14.773,9.0
2024-08-20 04:00:00,1,kharif_2024,Kharif (Jun–Jul 2024),synthetic,2024,8,233,34,4,southwest_monsoon,50.1667,flowering,3,28.0,1.1667,408,17,6.863,44.395,15.8333,380.0,False,27.623542864692435,81.69409522551261,1.4800000000000002,400.0,0.0,1.0,0.6769271649392001,23.96236190979496,0.0,29.6898,84.028,0.6769,0,969.6359,original,1,original,growth_progression_20260308_202542,flowering,3.0,12.745,flowering,3.0,18.627,380.0
2024-09-01 18:00:00,1,kharif_2024,Kharif (Jun–Jul 2024),synthetic,2024,9,245,35,18,southwest_monsoon,62.75,flowering,3,330.0,13.75,408,17,80.882,55.531,3.25,78.0,False,30.623542864692435,72.19409522551261,1.66,440.0,2.3635683223543918e-14,0.0,1.2226808877847826,25.06236190979496,0.0,31.3829,68.3585,1.2227,0,1211.597,original,1,original,growth_progression_20260308_202542,flowering,3.0,86.765,flowering,3.0,92.647,78.0
2024-09-14 07:00:00,1,kharif_2024,Kharif (Jun–Jul 2024),synthetic,2024,9,258,37,7,southwest_monsoon,75.2917,unripe,4,223.0,9.2917,768,32,29.036,66.63,22.7083,545.0,False,34.60609675017775,51.99695162491113,3.17,396.9847581245557,60.30483750888733,1.0,2.6408481389147425,25.005487075159973,0.0,33.671,57.9895,2.6408,1,1460.7086,original,1,original,growth_progression_20260308_202542,unripe,4.0,32.161,unripe,4.0,35.286,545.0
2024-09-26 20:00:00,1,kharif_2024,Kharif (Jun–Jul 2024),synthetic,2024,9,270,39,20,southwest_monsoon,87.8333,unripe,4,524.0,21.8333,768,32,68.229,77.729,10.1667,244.0,False,30.67867965644036,65.93553390593274,2.23,440.0,0.0,0.0,1.502603784390184,23.86578643762691,0.0,33.0503,58.8686,1.5026,0,1710.8601,original,1,original,growth_progression_20260308_202542,unripe,4.0,71.354,unripe,4.0,74.479,244.0
2024-10-09 09:00:00,1,kharif_2024,Kharif (Jun–Jul 2024),synthetic,2024,10,283,41,9,northeast_monsoon,100.375,ripe,5,57.0,2.375,360,15,15.833,88.827,12.625,303.0,False,32.81053782398492,74.11364217476202,1.84,393.218845968421,135.62308063157982,1.0,1.288347759615946,27.63326625893732,0.0,29.1786,80.2065,1.2883,1,1947.0189,original,1,original,growth_progression_20260308_202542,ripe,5.0,22.5,ripe,5.0,29.167,303.0
2024-10-21 23:00:00,1,kharif_2024,Kharif (Jun–Jul 2024),synthetic,2024,10,295,43,23,northeast_monsoon,112.9583,ripe,5,359.0,14.9583,360,15,99.722,99.963,0.0417,1.0,False,26.5,90.3,1.3,440.0,0.0,0.0,0.3358219888033891,24.56,1.0,29.5494,82.6003,0.3358,0,2174.6835,original,1,original,growth_progression_20260308_202542,,,,,,,1.0
2024-11-10 00:00:00,2,rabi_2024,Rabi (Oct–Nov 2024),synthetic,2024,11,315,45,0,northeast_monsoon,0.0,seedling,0,0.0,0.0,288,12,0.0,0.0,12.0,288.0,False,26.2022225211328,80.02962913144535,2.23,440.0,0.0,0.0,0.6793586337253781,22.208148347421865,0.0,26.2022,80.0296,0.6794,0,0.6751,original,2,original,growth_progression_20260308_202542,seedling,0.0,8.333,seedling,0.0,16.667,288.0
2024-11-22 02:00:00,2,rabi_2024,Rabi (Oct–Nov 2024),synthetic,2024,11,327,47,2,northeast_monsoon,12.0833,early_vegetative,1,2.0,0.0833,624,26,0.321,11.086,25.9167,622.0,False,23.97867965644036,81.53553390593274,1.84,400.0,0.0,1.0,0.5502597595524117,20.285786437626907,0.0,26.5641,86.6992,0.5503,0,211.6957,original,2,original,growth_progression_20260308_202542,early_vegetative,1.0,4.167,early_vegetative,1.0,8.013,622.0
2024-12-04 05:00:00,2,rabi_2024,Rabi (Oct–Nov 2024),synthetic,2024,12,339,49,5,dry_cool,24.2083,early_vegetative,1,293.0,12.2083,624,26,46.955,22.209,13.7917,331.0,False,27.8,79.0,1.66,400.0,0.0,1.0,0.784588337559013,23.6,0.0,28.9733,84.0509,0.7846,0,417.2961,original,2,original,growth_progression_20260308_202542,early_vegetative,1.0,50.801,early_vegetative,1.0,54.647,331.0
2024-12-16 07:00:00,2,rabi_2024,Rabi (Oct–Nov 2024),synthetic,2024,12,351,51,7,dry_cool,36.2917,early_vegetative,1,583.0,24.2917,624,26,93.429,33.295,1.7083,41.0,False,27.857630466879325,70.82118476656035,2.7300000000000004,397.6059238328017,47.881523343966336,1.0,1.0938289167527715,22.021867420191395,0.0,26.7805,77.0181,1.0938,1,620.6939,original,2,original,growth_progression_20260308_202542,early_vegetative,1.0,97.276,flowering_initiation,2.0,3.241,41.0
2024-12-28 10:00:00,2,rabi_2024,Rabi (Oct–Nov 2024),synthetic,2024,12,363,52,10,dry_cool,48.4167,flowering,3,34.0,1.4167,336,14,10.119,44.419,12.5833,302.0,False,31.986024068762514,71.72624757360701,2.23,392.2793835252617,154.4123294947654,1.0,1.343292064185257,26.33127358348392,0.0,27.5116,81.7588,1.3433,1,835.4885,original,2,original,growth_progression_20260308_202542,flowering,3.0,17.262,flowering,3.0,24.405,302.0
2025-01-09 12:00:00,2,rabi_2024,Rabi (Oct–Nov 2024),synthetic,2025,1,9,2,12,dry_cool,60.5,flowering,3,324.0,13.5,336,14,96.429,55.505,0.5,12.0,False,31.771777478867204,64.73337086855467,2.23,391.315,173.7,1.0,1.6553440665211805,24.71845165257814,0.0,26.9263,75.6806,1.6553,1,1037.3539,original,2,original,growth_progression_20260308_202542,unripe,4.0,1.515,unripe,4.0,4.545,12.0
2025-01-21 15:00:00,2,rabi_2024,Rabi (Oct–Nov 2024),synthetic,2025,1,21,4,15,dry_cool,72.625,unripe,4,279.0,11.625,792,33,35.227,66.628,21.375,513.0,False,28.3,72.0,2.23,440.0,186.181215486418,0.0,1.0770091842687934,22.700000000000003,0.0,27.2555,73.6202,1.077,1,1241.0059,original,2,original,growth_progression_20260308_202542,unripe,4.0,38.258,unripe,4.0,41.288,513.0
2025-02-02 17:00:00,2,rabi_2024,Rabi (Oct–Nov 2024),synthetic,2025,2,33,5,17,dry_cool,84.7083,unripe,4,569.0,23.7083,792,33,71.843,77.714,9.2917,223.0,False,28.9,75.6,1.84,440.0,63.25537462305614,0.0,0.9717512684213516,24.02,0.0,29.0628,74.379,0.9718,1,1447.4634,original,2,original,growth_progression_20260308_202542,unripe,4.0,74.874,unripe,4.0,77.904,223.0
2025-02-14 20:00:00,2,rabi_2024,Rabi (Oct–Nov 2024),synthetic,2025,2,45,7,20,dry_cool,96.8333,ripe,5,68.0,2.8333,360,15,18.889,88.838,12.1667,292.0,False,25.97867965644036,69.63553390593273,1.84,440.0,0.0,0.0,1.0193975706420964,19.905786437626908,0.0,28.4873,63.9855,1.0194,0,1660.4811,original,2,original,growth_progression_20260308_202542,ripe,5.0,25.556,ripe,5.0,32.222,292.0
2025-02-26 23:00:00,2,rabi_2024,Rabi (Oct–Nov 2024),synthetic,2025,2,57,9,23,dry_cool,108.9583,ripe,5,359.0,14.9583,360,15,99.722,99.962,0.0417,1.0,False,26.0,78.9,2.59,440.0,0.0,0.0,0.7092638038351406,21.78,0.0,29.1459,71.375,0.7093,0,1877.5323,original,2,original,growth_progression_20260308_202542,,,,,,,1.0
2025-03-05 00:00:00,3,summer_2025,Summer (Feb–Mar 2025),synthetic,2025,3,64,10,0,summer,0.0,seedling,0,0.0,0.0,408,17,0.0,0.0,17.0,408.0,False,26.802222521132794,74.52962913144535,1.4800000000000002,440.0,0.0,0.0,0.8976216575280476,21.70814834742186,0.0,26.8022,74.5296,0.8976,0,0.7001,original,3,original,growth_progression_20260308_202542,seedling,0.0,5.882,seedling,0.0,11.765,408.0
2025-03-17 23:00:00,3,summer_2025,Summer (Feb–Mar 2025),synthetic,2025,3,76,12,23,summer,12.9583,seedling,0,311.0,12.9583,408,17,76.225,11.075,4.0417,97.0,False,28.3,80.9,1.84,440.0,0.0,0.0,0.7346741221262123,24.48,0.0,31.4038,73.1731,0.7347,0,239.8403,original,3,original,growth_progression_20260308_202542,seedling,0.0,82.108,seedling,0.0,87.99,97.0
2025-03-30 23:00:00,3,summer_2025,Summer (Feb–Mar 2025),synthetic,2025,3,89,13,23,summer,25.9583,early_vegetative,1,215.0,8.9583,624,26,34.455,22.187,17.0417,409.0,False,28.5,59.2,2.23,440.0,0.0,0.0,1.587682848723568,20.34,0.0,31.9061,51.3219,1.5877,0,490.5011,original,3,original,growth_progression_20260308_202542,early_vegetative,1.0,38.301,early_vegetative,1.0,42.147,409.0
2025-04-12 23:00:00,3,summer_2025,Summer (Feb–Mar 2025),synthetic,2025,4,102,15,23,summer,38.9583,early_vegetative,1,527.0,21.9583,624,26,84.455,33.298,4.0417,97.0,False,27.7,79.3,2.23,440.0,0.0,0.0,0.7688814998538231,23.56,0.0,30.7956,71.5772,0.7689,0,738.8526,original,3,original,growth_progression_20260308_202542,early_vegetative,1.0,88.301,early_vegetative,1.0,92.147,97.0
2025-04-25 23:00:00,3,summer_2025,Summer (Feb–Mar 2025),synthetic,2025,4,115,17,23,summer,51.9583,flowering_initiation,2,215.0,8.9583,288,12,74.653,44.409,3.0417,73.0,False,30.0,76.9,1.66,440.0,0.0,0.0,0.980148028573332,25.380000000000003,0.0,33.2095,69.1202,0.9801,0,996.6203,original,3,original,growth_progression_20260308_202542,flowering_initiation,2.0,82.986,flowering_initiation,2.0,91.319,73.0
2025-05-08 23:00:00,3,summer_2025,Summer (Feb–Mar 2025),synthetic,2025,5,128,19,23,summer,64.9583,flowering,3,239.0,9.9583,456,19,52.412,55.52,9.0417,217.0,False,28.6,74.7,1.4800000000000002,440.0,0.0,0.0,0.9902443525660004,23.540000000000003,0.0,31.9802,66.612,0.9902,0,1250.7429,original,3,original,growth_progression_20260308_202542,flowering,3.0,57.675,flowering,3.0,62.939,217.0
2025-05-21 23:00:00,3,summer_2025,Summer (Feb–Mar 2025),synthetic,2025,5,141,21,23,summer,77.9583,unripe,4,95.0,3.9583,792,33,11.995,66.631,29.0417,697.0,False,29.3,69.1,2.95,440.0,0.0,0.0,1.259375604580144,23.12,0.0,32.5692,61.0675,1.2594,0,1503.4063,original,3,original,growth_progression_20260308_202542,unripe,4.0,15.025,unripe,4.0,18.056,697.0
2025-06-03 23:00:00,3,summer_2025,Summer (Feb–Mar 2025),synthetic,2025,6,154,23,23,southwest_monsoon,90.9583,unripe,4,407.0,16.9583,792,33,51.389,77.742,16.0417,385.0,False,29.5,66.4,3.35,440.0,0.0,0.0,1.3852895177120763,22.78,0.0,32.789,58.3576,1.3853,0,1754.6367,original,3,original,growth_progression_20260308_202542,unripe,4.0,54.419,unripe,4.0,57.449,385.0
2025-06-16 23:00:00,3,summer_2025,Summer (Feb–Mar 2025),synthetic,2025,6,167,25,23,southwest_monsoon,103.9583,unripe,4,719.0,29.9583,792,33,90.783,88.853,3.0417,73.0,False,28.5,68.5,3.17,440.0,0.0,0.0,1.2257845523233426,22.2,0.0,31.1634,60.7704,1.2258,0,2011.9115,original,3,original,growth_progression_20260308_202542,unripe,4.0,93.813,unripe,4.0,96.843,73.0
2025-06-29 23:00:00,3,summer_2025,Summer (Feb–Mar 2025),synthetic,2025,6,180,26,23,southwest_monsoon,116.9583,ripe,5,239.0,9.9583,240,10,99.583,99.964,0.0417,1.0,False,30.1,60.1,2.95,440.0,0.0,0.0,1.7027177787117616,22.12,0.0,33.4008,52.0517,1.7027,0,2270.187,original,3,original,growth_progression_20260308_202542,,,,,,,1.0
2025-07-01 00:00:00,4,kharif_2025,Kharif (Jun–Jul 2025),synthetic,2025,7,182,27,0,southwest_monsoon,0.0,seedling,0,0.0,0.0,408,17,0.0,0.0,17.0,408.0,False,30.0022225211328,63.02962913144535,2.59,440.0,0.0,0.0,1.5688768725901665,22.608148347421864,0.0,30.0022,63.0296,1.5689,0,0.8333,original,4,original,growth_progression_20260308_202542,seedling,0.0,5.882,seedling,0.0,11.765,408.0
2025-07-13 13:00:00,4,kharif_2025,Kharif (Jun–Jul 2025),synthetic,2025,7,194,28,13,southwest_monsoon,12.5417,seedling,0,301.0,12.5417,408,17,73.775,11.099,4.4583,107.0,False,39.29156315525007,43.92312950912944,2.77,388.7662826402581,224.67434719483728,1.0,3.982378144045815,28.07618905707596,0.0,34.2411,52.3065,3.9824,1,250.2624,original,4,original,growth_progression_20260308_202542,seedling,0.0,79.657,seedling,0.0,85.539,107.0
2025-07-26 02:00:00,4,kharif_2025,Kharif (Jun–Jul 2025),synthetic,2025,7,207,30,2,southwest_monsoon,25.0833,early_vegetative,1,194.0,8.0833,576,24,33.681,22.198,15.9167,382.0,False,26.77867965644036,62.23553390593273,2.95,400.0,0.0,1.0,1.3290478133376826,19.2257864376269,0.0,31.6733,54.5592,1.329,0,496.3138,original,4,original,growth_progression_20260308_202542,early_vegetative,1.0,37.847,early_vegetative,1.0,42.014,382.0
2025-08-07 15:00:00,4,kharif_2025,Kharif (Jun–Jul 2025),synthetic,2025,8,219,32,15,southwest_monsoon,37.625,early_vegetative,1,495.0,20.625,576,24,85.938,33.296,3.375,81.0,False,33.4,66.2,2.59,440.0,162.63455967290594,0.0,1.7387100323115914,26.64,0.0,31.7964,67.6039,1.7387,1,740.3722,original,4,original,growth_progression_20260308_202542,early_vegetative,1.0,90.104,early_vegetative,1.0,94.271,81.0
2025-08-20 04:00:00,4,kharif_2025,Kharif (Jun–Jul 2025),synthetic,2025,8,232,34,4,southwest_monsoon,50.1667,flowering_initiation,2,220.0,9.1667,264,11,83.333,44.395,1.8333,44.0,False,30.123542864692435,53.0940952255126,2.23,400.0,0.0,1.0,2.004394760671657,20.74236190979496,0.0,33.2793,48.7083,2.0044,0,981.4525,original,4,original,growth_progression_20260308_202542,flowering_initiation,2.0,92.424,flowering,3.0,1.042,44.0
2025-09-01 18:00:00,4,kharif_2025,Kharif (Jun–Jul 2025),synthetic,2025,9,244,36,18,southwest_monsoon,62.75,flowering,3,258.0,10.75,384,16,67.188,55.531,5.25,126.0,False,31.52354286469244,65.5940952255126,2.41,440.0,2.6415631457608407e-14,0.0,1.5923893966666545,24.64236190979496,0.0,32.3642,61.6971,1.5924,0,1229.2292,original,4,original,growth_progression_20260308_202542,flowering,3.0,73.438,flowering,3.0,79.688,126.0
2025-09-14 07:00:00,4,kharif_2025,Kharif (Jun–Jul 2025),synthetic,2025,9,257,37,7,southwest_monsoon,75.2917,unripe,4,175.0,7.2917,720,30,24.306,66.63,22.7083,545.0,False,33.354658882066595,53.82267055896671,1.66,396.61335279483353,67.73294410332967,1.0,2.369396963382927,24.119192993859937,0.0,32.1116,61.8026,2.3694,1,1472.4065,original,4,original,growth_progression_20260308_202542,unripe,4.0,27.639,unripe,4.0,30.972,545.0
2025-09-26 20:00:00,4,kharif_2025,Kharif (Jun–Jul 2025),synthetic,2025,9,269,39,20,southwest_monsoon,87.8333,unripe,4,476.0,19.8333,720,30,66.111,77.729,10.1667,244.0,False,27.87867965644036,80.73553390593274,2.95,440.0,0.0,0.0,0.7230553219678697,24.025786437626905,0.0,29.8824,74.3713,0.7231,0,1712.5128,original,4,original,growth_progression_20260308_202542,unripe,4.0,69.444,unripe,4.0,72.778,244.0
2025-10-09 09:00:00,4,kharif_2025,Kharif (Jun–Jul 2025),synthetic,2025,10,282,41,9,northeast_monsoon,100.375,ripe,5,57.0,2.375,360,15,15.833,88.827,12.625,303.0,False,35.00450752018161,65.71665732666365,2.0500000000000003,391.73392172792927,165.32156544141483,1.0,1.92812336914494,28.14783898551434,0.0,30.4029,74.9777,1.9281,1,1950.4354,original,4,original,growth_progression_20260308_202542,ripe,5.0,22.5,ripe,5.0,29.167,303.0
2025-10-21 23:00:00,4,kharif_2025,Kharif (Jun–Jul 2025),synthetic,2025,10,294,43,23,northeast_monsoon,112.9583,ripe,5,359.0,14.9583,360,15,99.722,99.963,0.0417,1.0,False,22.8,100.0,1.12,440.0,0.0,0.0,0.0,22.8,1.0,25.1639,95.3253,0.0,0,2174.2776,original,4,original,growth_progression_20260308_202542,,,,,,,1.0
2026-07-01 00:00:00,5,kharif_2026,Kharif (Jul-Oct 2026),synthetic,2026,7,182,27,0,southwest_monsoon,0.0,seedling,0,0.0,0.0,408,17,0.0,0.0,17.0,408.0,False,29.5605,75.7853,2.3361,450.205,0.0,0.0,1.0206,23.525,0.0,29.5605,75.7853,1.0018,0,0.815,generated,1,season_warp,growth_progression_20260308_202542,seedling,0.0,5.882,seedling,0.0,11.765,408.0
2026-07-12 23:00:00,5,kharif_2026,Kharif (Jul-Oct 2026),synthetic,2026,7,193,28,23,southwest_monsoon,11.9583,seedling,0,287.0,11.9583,408,17,70.343,11.073,5.0417,121.0,False,35.0995,68.7688,2.4162,389.6444,189.3889,1.0,1.6884,29.2529,0.0,29.5978,73.7315,1.7657,1,235.9923,generated,1,season_warp,growth_progression_20260308_202542,seedling,0.0,76.225,seedling,0.0,82.108,121.0
2026-07-24 23:00:00,5,kharif_2026,Kharif (Jul-Oct 2026),synthetic,2026,7,205,30,23,southwest_monsoon,23.9583,early_vegetative,1,167.0,6.9583,504,21,33.135,22.184,14.0417,337.0,False,34.2794,52.4884,3.1187,439.0769,156.0857,0.0,2.4893,25.4526,0.0,33.6363,54.7232,2.5668,1,467.7138,generated,1,season_warp,growth_progression_20260308_202542,early_vegetative,1.0,37.897,early_vegetative,1.0,42.659,337.0
2026-08-05 23:00:00,5,kharif_2026,Kharif (Jul-Oct 2026),synthetic,2026,8,217,32,23,southwest_monsoon,35.9583,early_vegetative,1,455.0,18.9583,504,21,90.278,33.295,2.0417,49.0,False,36.4479,68.2739,1.4567,392.0027,235.1089,1.0,1.7407,29.944,0.0,32.208,68.3345,1.9317,1,704.5022,generated,1,season_warp,growth_progression_20260308_202542,early_vegetative,1.0,95.04,early_vegetative,1.0,99.802,49.0
2026-08-17 23:00:00,5,kharif_2026,Kharif (Jul-Oct 2026),synthetic,2026,8,229,34,23,southwest_monsoon,47.9583,flowering,3,47.0,1.9583,432,18,10.88,44.406,16.0417,385.0,False,27.1137,90.4269,1.4538,451.5217,4.4518,0.0,0.3747,24.7637,1.0,30.1603,81.9447,0.3436,0,929.7735,generated,1,season_warp,growth_progression_20260308_202542,flowering,3.0,16.435,flowering,3.0,21.991,385.0
2026-08-29 23:00:00,5,kharif_2026,Kharif (Jul-Oct 2026),synthetic,2026,8,241,35,23,southwest_monsoon,59.9583,flowering,3,335.0,13.9583,432,18,77.546,55.517,4.0417,97.0,False,29.8785,67.4893,1.5671,403.8884,1.6336,1.0,1.3176,23.5406,0.0,31.6057,69.2247,1.3699,0,1159.7988,generated,1,season_warp,growth_progression_20260308_202542,flowering,3.0,83.102,flowering,3.0,88.657,97.0
2026-09-10 23:00:00,5,kharif_2026,Kharif (Jul-Oct 2026),synthetic,2026,9,253,37,23,southwest_monsoon,71.9583,unripe,4,191.0,7.9583,768,32,24.87,66.628,24.0417,577.0,False,30.6387,63.7705,2.897,458.7975,0.5866,0.0,1.6745,24.2955,0.0,34.0992,55.6565,1.5945,0,1397.9798,generated,1,season_warp,growth_progression_20260308_202542,unripe,4.0,27.995,unripe,4.0,31.12,577.0
2026-09-22 23:00:00,5,kharif_2026,Kharif (Jul-Oct 2026),synthetic,2026,9,265,39,23,southwest_monsoon,83.9583,unripe,4,479.0,19.9583,768,32,62.37,77.739,12.0417,289.0,False,30.0334,63.0017,2.997,439.4495,4.6374,0.0,1.7003,23.4498,0.0,33.6896,54.0207,1.5729,0,1637.2437,generated,1,season_warp,growth_progression_20260308_202542,unripe,4.0,65.495,unripe,4.0,68.62,289.0
2026-10-04 23:00:00,5,kharif_2026,Kharif (Jul-Oct 2026),synthetic,2026,10,277,40,23,northeast_monsoon,95.9583,unripe,4,767.0,31.9583,768,32,99.87,88.85,0.0417,1.0,False,25.5311,92.0354,1.5797,448.3746,1.696,0.0,0.2912,24.2201,1.0,28.398,85.1948,0.2604,0,1867.0607,generated,1,season_warp,growth_progression_20260308_202542,ripe,5.0,7.986,ripe,5.0,16.319,1.0
2026-10-16 23:00:00,5,kharif_2026,Kharif (Jul-Oct 2026),synthetic,2026,10,289,42,23,northeast_monsoon,107.9583,ripe,5,287.0,11.9583,288,12,99.653,99.961,0.0417,1.0,False,26.2156,93.014,1.349,465.1422,2.5062,0.0,0.3359,24.2216,1.0,29.0986,84.6561,0.2378,0,2084.3339,generated,1,season_warp,growth_progression_20260308_202542,,,,,,,1.0
2027-07-05 00:00:00,6,kharif_2027,Kharif (Jul-Oct 2027),synthetic,2027,7,186,27,0,southwest_monsoon,0.0,seedling,0,0.0,0.0,288,12,0.0,0.0,12.0,288.0,False,30.3981,62.1431,2.5444,444.0303,0.0,0.0,1.5194,23.0205,0.0,30.3981,62.1431,1.6433,0,0.8333,generated,4,duration_shift,growth_progression_20260308_202542,seedling,0.0,8.333,seedling,0.0,16.667,288.0
2027-07-17 07:00:00,6,kharif_2027,Kharif (Jul-Oct 2027),synthetic,2027,7,198,28,7,southwest_monsoon,12.2917,early_vegetative,1,7.0,0.2917,624,26,1.122,11.074,25.7083,617.0,False,32.2072,55.8803,2.5066,387.0527,14.7174,1.0,2.3454,23.6849,0.0,32.23,57.792,2.1225,1,245.1812,generated,4,duration_shift,growth_progression_20260308_202542,early_vegetative,1.0,4.968,early_vegetative,1.0,8.814,617.0
2027-07-29 15:00:00,6,kharif_2027,Kharif (Jul-Oct 2027),synthetic,2027,7,210,30,15,southwest_monsoon,24.625,early_vegetative,1,303.0,12.625,624,26,48.558,22.185,13.375,321.0,False,34.9545,48.0441,2.6036,448.381,167.5842,0.0,2.9155,25.8268,0.0,34.1973,48.9581,2.914,1,485.866,generated,4,duration_shift,growth_progression_20260308_202542,early_vegetative,1.0,52.404,early_vegetative,1.0,56.25,321.0
2027-08-10 23:00:00,6,kharif_2027,Kharif (Jul-Oct 2027),synthetic,2027,8,222,32,23,southwest_monsoon,36.9583,early_vegetative,1,599.0,24.9583,624,26,95.994,33.296,1.0417,25.0,False,25.4088,81.3884,1.1258,399.5042,0.0,1.0,0.4823,22.4709,0.0,30.3017,75.835,0.6041,0,723.9994,generated,4,duration_shift,growth_progression_20260308_202542,early_vegetative,1.0,99.84,flowering_initiation,2.0,9.583,25.0
2027-08-23 07:00:00,6,kharif_2027,Kharif (Jul-Oct 2027),synthetic,2027,8,235,34,7,southwest_monsoon,49.2917,flowering,3,31.0,1.2917,480,20,6.458,44.407,18.7083,449.0,False,27.8363,66.8531,1.7899,423.5667,0.0,1.0,1.2694,20.9634,0.0,32.2769,64.6561,1.241,0,962.7433,generated,4,duration_shift,growth_progression_20260308_202542,flowering,3.0,11.458,flowering,3.0,16.458,449.0
2027-09-04 15:00:00,6,kharif_2027,Kharif (Jul-Oct 2027),synthetic,2027,9,247,35,15,southwest_monsoon,61.625,flowering,3,327.0,13.625,480,20,68.125,55.518,6.375,153.0,False,29.5571,69.0651,2.3777,441.2033,5.2092,0.0,1.2902,23.3376,0.0,33.1129,60.2461,1.2796,1,1205.3208,generated,4,duration_shift,growth_progression_20260308_202542,flowering,3.0,73.125,flowering,3.0,78.125,153.0
2027-09-16 23:00:00,6,kharif_2027,Kharif (Jul-Oct 2027),synthetic,2027,9,259,37,23,southwest_monsoon,73.9583,unripe,4,143.0,5.9583,792,33,18.056,66.629,27.0417,649.0,False,35.6526,62.3489,1.866,407.8585,184.4447,1.0,2.247,28.6305,0.0,29.822,74.65,2.1946,1,1444.4295,generated,4,duration_shift,growth_progression_20260308_202542,unripe,4.0,21.086,unripe,4.0,24.116,649.0
2027-09-29 07:00:00,6,kharif_2027,Kharif (Jul-Oct 2027),synthetic,2027,9,272,39,7,southwest_monsoon,86.2917,unripe,4,439.0,18.2917,792,33,55.429,77.74,14.7083,353.0,False,33.152,59.693,3.561,435.4616,131.6354,0.0,2.1362,24.8908,0.0,31.7718,58.6932,2.0449,1,1681.6881,generated,4,duration_shift,growth_progression_20260308_202542,unripe,4.0,58.46,unripe,4.0,61.49,353.0
2027-10-11 15:00:00,6,kharif_2027,Kharif (Jul-Oct 2027),synthetic,2027,10,284,41,15,northeast_monsoon,98.625,unripe,4,735.0,30.625,792,33,92.803,88.851,2.375,57.0,False,26.73,90.182,1.8905,428.8607,8.9218,0.0,0.4479,24.4705,1.0,29.0972,81.3686,0.3445,1,1918.8933,generated,4,duration_shift,growth_progression_20260308_202542,unripe,4.0,95.833,unripe,4.0,98.864,57.0
2027-10-23 23:00:00,6,kharif_2027,Kharif (Jul-Oct 2027),synthetic,2027,10,296,42,23,northeast_monsoon,110.9583,ripe,5,239.0,9.9583,240,10,99.583,99.962,0.0417,1.0,False,22.9036,99.4699,1.1358,446.9816,0.0,0.0,0.0786,22.8988,1.0,25.8188,95.0987,0.0148,0,2140.1087,generated,4,duration_shift,growth_progression_20260308_202542,,,,,,,1.0
2026-07-10 00:00:00,7,kharif_2026,Kharif (Jul-Oct 2026),synthetic,2026,7,191,28,0,southwest_monsoon,0.0,seedling,0,0.0,0.0,288,12,0.0,0.0,12.0,288.0,False,30.058,59.6903,2.5584,436.7453,0.0,0.0,1.6435,22.8761,0.0,30.058,59.6903,1.7161,0,0.8333,generated,4,parameter_jitter,growth_progression_20260308_202542,seedling,0.0,8.333,seedling,0.0,16.667,288.0
2026-07-22 18:00:00,7,kharif_2026,Kharif (Jul-Oct 2026),synthetic,2026,7,203,30,18,southwest_monsoon,12.75,early_vegetative,1,18.0,0.75,528,22,3.409,11.087,21.25,510.0,False,29.9064,64.1647,2.7245,443.9762,7.5401,0.0,1.6418,22.6982,0.0,32.3385,59.2515,1.5124,1,253.4442,generated,4,parameter_jitter,growth_progression_20260308_202542,early_vegetative,1.0,7.955,early_vegetative,1.0,12.5,510.0
2026-08-04 13:00:00,7,kharif_2026,Kharif (Jul-Oct 2026),synthetic,2026,8,216,32,13,southwest_monsoon,25.5417,early_vegetative,1,325.0,13.5417,528,22,61.553,22.21,8.4583,203.0,False,30.3886,63.9865,2.7178,426.3171,0.0,0.0,1.202,24.4483,0.0,32.3013,62.2804,1.5625,0,503.7081,generated,4,parameter_jitter,growth_progression_20260308_202542,early_vegetative,1.0,66.098,early_vegetative,1.0,70.644,203.0
2026-08-17 07:00:00,7,kharif_2026,Kharif (Jul-Oct 2026),synthetic,2026,8,229,34,7,southwest_monsoon,38.2917,flowering_initiation,2,103.0,4.2917,288,12,35.764,33.297,7.7083,185.0,False,28.8675,70.1083,3.2455,459.7551,0.0,0.0,1.3852,22.925,0.0,32.1808,60.7271,1.1882,0,746.166,generated,4,parameter_jitter,growth_progression_20260308_202542,flowering_initiation,2.0,44.097,flowering_initiation,2.0,52.431,185.0
2026-08-30 02:00:00,7,kharif_2026,Kharif (Jul-Oct 2026),synthetic,2026,8,242,35,2,southwest_monsoon,51.0833,flowering,3,122.0,5.0833,432,18,28.241,44.42,12.9167,310.0,False,39.0781,48.0374,2.4199,408.3912,259.9964,1.0,3.8485,29.1957,0.0,32.5975,58.7241,3.6482,1,996.3284,generated,4,parameter_jitter,growth_progression_20260308_202542,flowering,3.0,33.796,flowering,3.0,39.352,310.0
2026-09-11 20:00:00,7,kharif_2026,Kharif (Jul-Oct 2026),synthetic,2026,9,254,37,20,southwest_monsoon,63.8333,flowering,3,428.0,17.8333,432,18,99.074,55.507,0.1667,4.0,False,28.7746,71.7549,1.9847,450.9355,9.069,0.0,1.0183,23.2829,0.0,31.3475,67.2192,1.1168,1,1247.9081,generated,4,parameter_jitter,growth_progression_20260308_202542,unripe,4.0,2.252,unripe,4.0,4.955,4.0
2026-09-24 15:00:00,7,kharif_2026,Kharif (Jul-Oct 2026),synthetic,2026,9,267,39,15,southwest_monsoon,76.625,unripe,4,303.0,12.625,888,37,34.122,66.63,24.375,585.0,False,28.051,75.618,1.9318,369.1269,0.0,1.0,1.0665,22.4092,0.0,29.4371,77.4889,0.9244,0,1492.7181,generated,4,parameter_jitter,growth_progression_20260308_202542,unripe,4.0,36.824,unripe,4.0,39.527,585.0
2026-10-07 09:00:00,7,kharif_2026,Kharif (Jul-Oct 2026),synthetic,2026,10,280,41,9,northeast_monsoon,89.375,unripe,4,609.0,25.375,888,37,68.581,77.717,11.625,279.0,False,32.8149,58.9035,2.8317,436.8578,223.6952,0.0,2.2885,25.6094,0.0,31.22,63.9009,2.0458,1,1737.0199,generated,4,parameter_jitter,growth_progression_20260308_202542,unripe,4.0,71.284,unripe,4.0,73.986,279.0
2026-10-20 04:00:00,7,kharif_2026,Kharif (Jul-Oct 2026),synthetic,2026,10,293,43,4,northeast_monsoon,102.1667,ripe,5,28.0,1.1667,336,14,8.333,88.841,12.8333,308.0,False,28.1217,72.6272,1.3797,418.3451,0.0,1.0,1.0088,25.0526,0.0,30.1087,72.2723,1.042,0,1979.2974,generated,4,parameter_jitter,growth_progression_20260308_202542,ripe,5.0,15.476,ripe,5.0,22.619,308.0
2026-11-01 23:00:00,7,kharif_2026,Kharif (Jul-Oct 2026),synthetic,2026,11,305,44,23,northeast_monsoon,114.9583,ripe,5,335.0,13.9583,336,14,99.702,99.964,0.0417,1.0,False,24.0282,98.7361,1.0675,446.2927,4.521,0.0,0.0,21.5281,1.0,25.1145,94.8559,0.0378,0,2207.4609,generated,4,parameter_jitter,growth_progression_20260308_202542,,,,,,,1.0
2028-07-01 00:00:00,8,kharif_2028,Kharif (Jul-Oct 2028),synthetic,2028,7,183,26,0,southwest_monsoon,0.0,seedling,0,0.0,0.0,384,16,0.0,0.0,16.0,384.0,False,28.9895,72.9585,2.4328,446.0237,0.0,0.0,0.8803,24.5185,0.0,28.9895,72.9585,1.0825,0,0.7912,generated,1,duration_shift,growth_progression_20260308_202542,seedling,0.0,6.25,seedling,0.0,12.5,384.0
2028-07-14 07:00:00,8,kharif_2028,Kharif (Jul-Oct 2028),synthetic,2028,7,196,28,7,southwest_monsoon,13.2917,seedling,0,319.0,13.2917,384,16,83.073,11.076,2.7083,65.0,False,29.2802,73.5791,1.4763,432.9687,5.5798,0.0,0.9861,24.4913,0.0,33.3515,65.215,1.0756,1,261.3669,generated,1,duration_shift,growth_progression_20260308_202542,seedling,0.0,89.323,seedling,0.0,95.573,65.0
2028-07-27 15:00:00,8,kharif_2028,Kharif (Jul-Oct 2028),synthetic,2028,7,209,30,15,southwest_monsoon,26.625,early_vegetative,1,255.0,10.625,672,28,37.946,22.188,17.375,417.0,False,29.9989,67.0077,2.6307,437.0934,0.0,0.0,1.3809,23.0045,0.0,32.6746,58.703,1.3998,0,518.9288,generated,1,duration_shift,growth_progression_20260308_202542,early_vegetative,1.0,41.518,early_vegetative,1.0,45.089,417.0
2028-08-09 23:00:00,8,kharif_2028,Kharif (Jul-Oct 2028),synthetic,2028,8,222,32,23,southwest_monsoon,39.9583,early_vegetative,1,575.0,23.9583,672,28,85.565,33.299,4.0417,97.0,False,31.9727,59.2146,1.8752,405.0135,5.1386,1.0,1.7653,23.5984,0.0,32.575,63.5113,1.9363,1,782.4187,generated,1,duration_shift,growth_progression_20260308_202542,early_vegetative,1.0,89.137,early_vegetative,1.0,92.708,97.0
2028-08-23 07:00:00,8,kharif_2028,Kharif (Jul-Oct 2028),synthetic,2028,8,236,34,7,southwest_monsoon,53.2917,flowering_initiation,2,223.0,9.2917,288,12,77.431,44.41,2.7083,65.0,False,36.3357,71.9715,1.4998,386.1343,213.7824,1.0,1.7362,30.7024,0.0,30.5758,81.2481,1.6961,1,1032.3545,generated,1,duration_shift,growth_progression_20260308_202542,flowering_initiation,2.0,85.764,flowering_initiation,2.0,94.097,65.0
2028-09-05 15:00:00,8,kharif_2028,Kharif (Jul-Oct 2028),synthetic,2028,9,249,36,15,southwest_monsoon,66.625,flowering,3,255.0,10.625,456,19,55.921,55.521,8.375,201.0,False,36.195,55.5303,2.2843,420.7836,164.6767,1.0,2.64,27.5113,0.0,31.4625,62.8983,2.6703,1,1285.951,generated,1,duration_shift,growth_progression_20260308_202542,flowering,3.0,61.184,flowering,3.0,66.447,201.0
2028-09-18 23:00:00,8,kharif_2028,Kharif (Jul-Oct 2028),synthetic,2028,9,262,38,23,southwest_monsoon,79.9583,unripe,4,119.0,4.9583,816,34,14.583,66.632,29.0417,697.0,False,33.5335,61.7998,2.6405,439.9378,84.2073,0.0,2.1721,25.887,0.0,32.5888,59.2566,1.9798,1,1547.9109,generated,1,duration_shift,growth_progression_20260308_202542,unripe,4.0,17.525,unripe,4.0,20.466,697.0
2028-10-02 07:00:00,8,kharif_2028,Kharif (Jul-Oct 2028),synthetic,2028,10,276,40,7,northeast_monsoon,93.2917,unripe,4,439.0,18.2917,816,34,53.799,77.743,15.7083,377.0,False,31.3224,51.0125,1.7208,406.5705,0.0,1.0,2.2208,21.7948,0.0,33.0873,55.379,2.2415,0,1813.63,generated,1,duration_shift,growth_progression_20260308_202542,unripe,4.0,56.74,unripe,4.0,59.681,377.0
2028-10-15 15:00:00,8,kharif_2028,Kharif (Jul-Oct 2028),synthetic,2028,10,289,41,15,northeast_monsoon,106.625,unripe,4,759.0,31.625,816,34,93.015,88.854,2.375,57.0,False,29.5785,82.4494,1.7904,412.3347,8.0384,0.0,0.6461,26.8588,0.0,31.169,78.1549,0.7269,1,2073.4912,generated,1,duration_shift,growth_progression_20260308_202542,unripe,4.0,95.956,unripe,4.0,98.897,57.0
2028-10-28 23:00:00,8,kharif_2028,Kharif (Jul-Oct 2028),synthetic,2028,10,302,43,23,northeast_monsoon,119.9583,ripe,5,263.0,10.9583,264,11,99.621,99.965,0.0417,1.0,False,26.3285,90.8029,1.2302,451.4399,0.0,0.0,0.3508,25.5348,1.0,29.0736,84.7409,0.3152,0,2314.7141,generated,1,duration_shift,growth_progression_20260308_202542,,,,,,,1.0
2026-11-05 00:00:00,9,rabi_2026,Rabi (Nov-Feb 2026),synthetic,2026,11,309,45,0,northeast_monsoon,0.0,seedling,0,0.0,0.0,360,15,0.0,0.0,15.0,360.0,False,26.3701,77.4825,2.2792,452.5696,2.5847,0.0,0.6411,22.256,0.0,26.3701,77.4825,0.7736,0,0.6821,generated,2,season_warp,growth_progression_20260308_202542,seedling,0.0,6.667,seedling,0.0,13.333,360.0
2026-11-18 18:00:00,9,rabi_2026,Rabi (Nov-Feb 2026),synthetic,2026,11,322,47,18,northeast_monsoon,13.75,seedling,0,330.0,13.75,360,15,91.667,11.089,1.25,30.0,False,24.1557,96.2224,1.6721,430.9324,0.0,0.0,0.1606,22.8977,1.0,25.9899,90.0757,0.1138,0,243.0027,generated,2,season_warp,growth_progression_20260308_202542,seedling,0.0,98.333,early_vegetative,1.0,3.0,30.0
2026-12-02 13:00:00,9,rabi_2026,Rabi (Nov-Feb 2026),synthetic,2026,12,336,49,13,dry_winter,27.5417,early_vegetative,1,301.0,12.5417,600,25,50.167,22.211,12.4583,299.0,False,24.7723,89.2822,1.6611,399.2298,0.0,1.0,0.4862,21.685,1.0,28.9304,81.752,0.3349,0,477.2089,generated,2,season_warp,growth_progression_20260308_202542,early_vegetative,1.0,54.167,early_vegetative,1.0,58.167,299.0
2026-12-16 07:00:00,9,rabi_2026,Rabi (Nov-Feb 2026),synthetic,2026,12,350,51,7,dry_winter,41.2917,flowering_initiation,2,31.0,1.2917,264,11,11.742,33.3,9.7083,233.0,False,25.6142,81.1724,1.5441,387.6706,0.0,1.0,0.6611,21.9045,0.0,30.3233,76.667,0.6186,0,710.3952,generated,2,season_warp,growth_progression_20260308_202542,flowering_initiation,2.0,20.833,flowering_initiation,2.0,29.924,233.0
2026-12-30 02:00:00,9,rabi_2026,Rabi (Nov-Feb 2026),synthetic,2026,12,364,53,2,dry_winter,55.0833,flowering,3,98.0,4.0833,480,20,20.417,44.422,15.9167,382.0,False,25.3607,83.826,2.0535,427.6958,1.2855,0.0,0.5955,22.296,0.0,29.2321,75.3635,0.5235,0,954.3596,generated,2,season_warp,growth_progression_20260308_202542,flowering,3.0,25.417,flowering,3.0,30.417,382.0
2027-01-12 20:00:00,9,rabi_2026,Rabi (Nov-Feb 2026),synthetic,2027,1,12,2,20,dry_winter,68.8333,flowering,3,428.0,17.8333,480,20,89.167,55.511,2.1667,52.0,False,31.1425,70.1678,2.0373,401.5152,165.954,1.0,1.4106,26.267,0.0,26.2898,77.9124,1.3512,1,1182.0906,generated,2,season_warp,growth_progression_20260308_202542,flowering,3.0,94.167,flowering,3.0,99.167,52.0
2027-01-26 15:00:00,9,rabi_2026,Rabi (Nov-Feb 2026),synthetic,2027,1,26,4,15,dry_winter,82.625,unripe,4,279.0,11.625,912,38,30.592,66.633,26.375,633.0,False,23.4212,78.2829,2.3007,392.0413,6.3573,1.0,0.6424,19.9589,0.0,26.7967,86.5006,0.6258,1,1413.0272,generated,2,season_warp,growth_progression_20260308_202542,unripe,4.0,33.224,unripe,4.0,35.855,633.0
2027-02-09 09:00:00,9,rabi_2026,Rabi (Nov-Feb 2026),synthetic,2027,2,40,6,9,dry_winter,96.375,unripe,4,609.0,25.375,912,38,66.776,77.722,12.625,303.0,False,25.9924,82.2675,1.841,438.2949,13.9389,0.0,0.5154,23.1906,1.0,29.3151,82.0925,0.5958,1,1646.5538,generated,2,season_warp,growth_progression_20260308_202542,unripe,4.0,69.408,unripe,4.0,72.039,303.0
2027-02-23 04:00:00,9,rabi_2026,Rabi (Nov-Feb 2026),synthetic,2027,2,54,8,4,dry_winter,110.1667,ripe,5,28.0,1.1667,360,15,7.778,88.844,13.8333,332.0,False,26.1242,66.022,2.1177,407.674,3.0568,1.0,1.1021,19.3361,0.0,29.1156,70.4134,1.1506,0,1889.4032,generated,2,season_warp,growth_progression_20260308_202542,ripe,5.0,14.444,ripe,5.0,21.111,332.0
2027-03-08 23:00:00,9,rabi_2026,Rabi (Nov-Feb 2026),synthetic,2027,3,67,10,23,summer,123.9583,ripe,5,359.0,14.9583,360,15,99.722,99.966,0.0417,1.0,False,26.5535,80.5991,2.4916,439.8381,0.0,0.0,0.7188,21.001,0.0,29.3406,71.3239,0.6738,0,2136.5389,generated,2,season_warp,growth_progression_20260308_202542,,,,,,,1.0
2027-11-08 00:00:00,10,rabi_2027,Rabi (Nov-Feb 2027),synthetic,2027,11,312,45,0,northeast_monsoon,0.0,seedling,0,0.0,0.0,360,15,0.0,0.0,15.0,360.0,False,25.4115,81.6386,2.2627,432.8658,4.7739,0.0,0.584,22.4577,0.0,25.4115,81.6386,0.5961,0,0.6421,generated,2,duration_shift,growth_progression_20260308_202542,seedling,0.0,6.667,seedling,0.0,13.333,360.0
2027-11-20 23:00:00,10,rabi_2027,Rabi (Nov-Feb 2027),synthetic,2027,11,324,46,23,northeast_monsoon,12.9583,seedling,0,311.0,12.9583,360,15,86.389,11.075,2.0417,49.0,False,27.0029,82.0605,2.2647,390.0477,8.0476,1.0,0.6021,24.095,0.0,25.9338,86.6295,0.6397,1,229.5708,generated,2,duration_shift,growth_progression_20260308_202542,seedling,0.0,93.056,seedling,0.0,99.722,49.0
2027-12-03 23:00:00,10,rabi_2027,Rabi (Nov-Feb 2027),synthetic,2027,12,337,48,23,dry_winter,25.9583,early_vegetative,1,263.0,10.9583,624,26,42.147,22.187,15.0417,361.0,False,26.0533,92.2811,2.059,440.3577,0.0,0.0,0.3595,22.9277,1.0,28.8203,81.6323,0.2603,0,447.0915,generated,2,duration_shift,growth_progression_20260308_202542,early_vegetative,1.0,45.994,early_vegetative,1.0,49.84,361.0
2027-12-16 23:00:00,10,rabi_2027,Rabi (Nov-Feb 2027),synthetic,2027,12,350,50,23,dry_winter,38.9583,early_vegetative,1,575.0,23.9583,624,26,92.147,33.298,2.0417,49.0,False,23.0202,85.3422,2.0855,439.2955,0.0,0.0,0.4674,20.3768,0.0,26.6547,77.0408,0.4123,0,667.782,generated,2,duration_shift,growth_progression_20260308_202542,early_vegetative,1.0,95.994,early_vegetative,1.0,99.84,49.0
2027-12-29 23:00:00,10,rabi_2027,Rabi (Nov-Feb 2027),synthetic,2027,12,363,52,23,dry_winter,51.9583,flowering_initiation,2,263.0,10.9583,288,12,91.319,44.409,1.0417,25.0,False,27.3578,83.0252,1.3287,394.1554,0.0,1.0,0.6399,22.4939,0.0,27.5947,82.2943,0.618,0,898.1383,generated,2,duration_shift,growth_progression_20260308_202542,flowering_initiation,2.0,99.653,flowering,3.0,4.792,25.0
2028-01-11 23:00:00,10,rabi_2027,Rabi (Nov-Feb 2027),synthetic,2028,1,11,2,23,dry_winter,64.9583,flowering,3,287.0,11.9583,480,20,59.792,55.52,8.0417,193.0,False,30.2643,65.7452,1.8039,393.2707,151.3286,1.0,1.3818,22.6007,0.0,25.0306,74.7384,1.4756,1,1119.5544,generated,2,duration_shift,growth_progression_20260308_202542,flowering,3.0,64.792,flowering,3.0,69.792,193.0
2028-01-24 23:00:00,10,rabi_2027,Rabi (Nov-Feb 2027),synthetic,2028,1,24,4,23,dry_winter,77.9583,unripe,4,119.0,4.9583,768,32,15.495,66.631,27.0417,649.0,False,23.9091,85.3259,2.2663,410.2125,4.8088,1.0,0.2935,20.6446,1.0,26.7544,83.6481,0.4355,0,1335.2955,generated,2,duration_shift,growth_progression_20260308_202542,unripe,4.0,18.62,unripe,4.0,21.745,649.0
2028-02-06 23:00:00,10,rabi_2027,Rabi (Nov-Feb 2027),synthetic,2028,2,37,5,23,dry_winter,90.9583,unripe,4,431.0,17.9583,768,32,56.12,77.742,14.0417,337.0,False,31.5161,66.0231,1.7456,409.8506,264.1225,1.0,1.5103,24.079,0.0,26.7854,71.9855,1.5719,1,1553.5934,generated,2,duration_shift,growth_progression_20260308_202542,unripe,4.0,59.245,unripe,4.0,62.37,337.0
2028-02-19 23:00:00,10,rabi_2027,Rabi (Nov-Feb 2027),synthetic,2028,2,50,7,23,dry_winter,103.9583,unripe,4,743.0,30.9583,768,32,96.745,88.853,1.0417,25.0,False,25.8634,75.8691,2.2907,432.9545,0.0,0.0,0.7276,19.7073,0.0,28.314,68.166,0.8046,0,1781.1771,generated,2,duration_shift,growth_progression_20260308_202542,unripe,4.0,99.87,ripe,5.0,7.986,25.0
2028-03-03 23:00:00,10,rabi_2027,Rabi (Nov-Feb 2027),synthetic,2028,3,63,9,23,summer,116.9583,ripe,5,287.0,11.9583,288,12,99.653,99.964,0.0417,1.0,False,26.1231,80.0444,2.6125,439.029,0.0,0.0,0.7269,21.4417,0.0,28.5523,74.0034,0.6757,0,2013.8932,generated,2,duration_shift,growth_progression_20260308_202542,,,,,,,1.0
2028-11-01 00:00:00,11,rabi_2028,Rabi (Nov-Feb 2028),synthetic,2028,11,306,44,0,northeast_monsoon,0.0,seedling,0,0.0,0.0,360,15,0.0,0.0,15.0,360.0,False,24.6857,81.9049,2.1809,458.4262,7.2931,0.0,0.7591,22.4256,0.0,24.6857,81.9049,0.5626,1,0.6119,generated,2,parameter_jitter,growth_progression_20260308_202542,seedling,0.0,6.667,seedling,0.0,13.333,360.0
2028-11-13 05:00:00,11,rabi_2028,Rabi (Nov-Feb 2028),synthetic,2028,11,318,46,5,northeast_monsoon,12.2083,seedling,0,293.0,12.2083,360,15,81.389,11.098,2.7917,67.0,False,26.5828,88.5591,2.2869,472.5186,1.5269,0.0,0.5635,25.0449,0.0,28.5662,79.276,0.398,0,218.883,generated,2,parameter_jitter,growth_progression_20260308_202542,seedling,0.0,88.056,seedling,0.0,94.722,67.0
2028-11-25 10:00:00,11,rabi_2028,Rabi (Nov-Feb 2028),synthetic,2028,11,330,47,10,northeast_monsoon,24.4167,early_vegetative,1,226.0,9.4167,528,22,42.803,22.197,12.5833,302.0,False,26.2621,86.1539,1.5286,411.2853,0.0,1.0,0.7144,21.5785,0.8311,28.0047,82.193,0.4727,0,420.8978,generated,2,parameter_jitter,growth_progression_20260308_202542,early_vegetative,1.0,47.348,early_vegetative,1.0,51.894,302.0
2028-12-07 15:00:00,11,rabi_2028,Rabi (Nov-Feb 2028),synthetic,2028,12,342,49,15,dry_winter,36.625,early_vegetative,1,519.0,21.625,528,22,98.295,33.295,0.375,9.0,False,30.9399,72.3371,1.2503,460.58,213.0049,0.0,1.0881,24.3222,0.0,27.7193,74.7658,1.2385,1,628.0629,generated,2,parameter_jitter,growth_progression_20260308_202542,flowering_initiation,2.0,4.808,flowering_initiation,2.0,12.5,9.0
2028-12-19 20:00:00,11,rabi_2028,Rabi (Nov-Feb 2028),synthetic,2028,12,354,51,20,dry_winter,48.8333,flowering_initiation,2,284.0,11.8333,312,13,91.026,44.394,1.1667,28.0,False,24.8881,79.4816,1.2024,404.8941,0.0,1.0,0.632,24.8934,0.0,26.9979,82.7145,0.6457,0,845.415,generated,2,parameter_jitter,growth_progression_20260308_202542,flowering_initiation,2.0,98.718,flowering,3.0,5.208,28.0
2029-01-01 02:00:00,11,rabi_2028,Rabi (Nov-Feb 2028),synthetic,2029,1,1,1,2,dry_winter,61.0833,flowering,3,266.0,11.0833,384,16,69.271,55.53,4.9167,118.0,False,27.0888,75.3271,2.0571,469.548,92.2863,0.0,0.8628,22.756,0.0,26.5811,73.5269,0.8843,1,1053.7242,generated,2,parameter_jitter,growth_progression_20260308_202542,flowering,3.0,75.521,flowering,3.0,81.771,118.0
2029-01-13 07:00:00,11,rabi_2028,Rabi (Nov-Feb 2028),synthetic,2029,1,13,2,7,dry_winter,73.2917,unripe,4,175.0,7.2917,744,31,23.522,66.629,23.7083,569.0,False,26.0861,79.7842,2.5097,431.0126,5.6162,0.0,0.6246,20.7599,0.0,27.099,74.6939,0.683,1,1257.2194,generated,2,parameter_jitter,growth_progression_20260308_202542,unripe,4.0,26.747,unripe,4.0,29.973,569.0
2029-01-25 12:00:00,11,rabi_2028,Rabi (Nov-Feb 2028),synthetic,2029,1,25,4,12,dry_winter,85.5,unripe,4,468.0,19.5,744,31,62.903,77.727,11.5,276.0,False,26.7875,82.9516,1.9742,427.582,4.2497,0.0,0.6904,23.8247,0.0,27.4655,78.5586,0.6003,0,1460.8426,generated,2,parameter_jitter,growth_progression_20260308_202542,unripe,4.0,66.129,unripe,4.0,69.355,276.0
2029-02-06 17:00:00,11,rabi_2028,Rabi (Nov-Feb 2028),synthetic,2029,2,37,6,17,dry_winter,97.7083,ripe,5,17.0,0.7083,312,13,5.449,88.826,12.2917,295.0,False,26.5969,80.6966,1.8079,451.1092,0.0,0.0,0.8103,22.1732,0.0,28.8635,70.5424,0.6721,0,1676.162,generated,2,parameter_jitter,growth_progression_20260308_202542,ripe,5.0,13.141,ripe,5.0,20.833,295.0
2029-02-18 23:00:00,11,rabi_2028,Rabi (Nov-Feb 2028),synthetic,2029,2,49,7,23,dry_winter,109.9583,ripe,5,311.0,12.9583,312,13,99.679,99.962,0.0417,1.0,False,26.9542,81.0327,2.5603,450.4241,9.1288,0.0,0.6176,22.2906,0.0,28.7762,74.171,0.6744,1,1894.8779,generated,2,parameter_jitter,growth_progression_20260308_202542,,,,,,,1.0
2026-11-15 00:00:00,12,rabi_2026,Rabi (Nov-Feb 2026),synthetic,2026,11,319,46,0,northeast_monsoon,0.0,seedling,0,0.0,0.0,336,14,0.0,0.0,14.0,336.0,False,25.9115,81.1899,2.2921,420.0607,4.9627,0.0,0.6574,22.6245,0.0,25.9115,81.1899,0.629,0,0.663,generated,2,duration_shift,growth_progression_20260308_202542,seedling,0.0,7.143,seedling,0.0,14.286,336.0
2026-11-27 18:00:00,12,rabi_2026,Rabi (Nov-Feb 2026),synthetic,2026,11,331,48,18,northeast_monsoon,12.75,seedling,0,306.0,12.75,336,14,91.071,11.087,1.25,30.0,False,23.201,99.6137,2.2728,431.6564,0.0,0.0,0.0603,23.0609,1.0,25.7197,89.2121,0.011,0,224.6451,generated,2,duration_shift,growth_progression_20260308_202542,seedling,0.0,98.214,early_vegetative,1.0,3.0,30.0
2026-12-10 13:00:00,12,rabi_2026,Rabi (Nov-Feb 2026),synthetic,2026,12,344,50,13,dry_winter,25.5417,early_vegetative,1,277.0,11.5417,600,25,46.167,22.21,13.4583,323.0,False,26.4181,87.999,1.7137,437.7779,0.0,0.0,0.3915,24.5179,0.9015,28.6736,84.7935,0.4135,0,440.6739,generated,2,duration_shift,growth_progression_20260308_202542,early_vegetative,1.0,50.167,early_vegetative,1.0,54.167,323.0
2026-12-23 07:00:00,12,rabi_2026,Rabi (Nov-Feb 2026),synthetic,2026,12,357,52,7,dry_winter,38.2917,early_vegetative,1,583.0,24.2917,600,25,97.167,33.297,0.7083,17.0,False,28.0786,70.2857,1.1429,392.072,23.0775,1.0,0.9977,22.4931,0.0,27.0627,75.6441,1.1283,1,655.1657,generated,2,duration_shift,growth_progression_20260308_202542,flowering_initiation,2.0,2.431,flowering_initiation,2.0,10.764,17.0
2027-01-05 02:00:00,12,rabi_2026,Rabi (Nov-Feb 2026),synthetic,2027,1,5,1,2,dry_winter,51.0833,flowering,3,2.0,0.0833,408,17,0.49,44.42,16.9167,406.0,False,24.6951,87.5873,2.1771,415.7613,8.4919,1.0,0.3363,21.5114,0.3538,28.4687,85.3237,0.3861,1,883.4032,generated,2,duration_shift,growth_progression_20260308_202542,flowering,3.0,6.373,flowering,3.0,12.255,406.0
2027-01-17 20:00:00,12,rabi_2026,Rabi (Nov-Feb 2026),synthetic,2027,1,17,2,20,dry_winter,63.8333,flowering,3,308.0,12.8333,408,17,75.49,55.507,4.1667,100.0,False,27.9521,74.6234,1.7975,442.3378,237.692,0.0,1.0394,22.9298,0.0,26.1114,73.5502,0.9565,1,1098.162,generated,2,duration_shift,growth_progression_20260308_202542,flowering,3.0,81.373,flowering,3.0,87.255,100.0
2027-01-30 15:00:00,12,rabi_2026,Rabi (Nov-Feb 2026),synthetic,2027,1,30,4,15,dry_winter,76.625,unripe,4,207.0,8.625,864,36,23.958,66.63,27.375,657.0,False,24.4536,81.4138,2.5989,434.4408,0.0,0.0,0.6543,20.7536,0.0,27.4671,72.8427,0.5699,0,1312.2104,generated,2,duration_shift,growth_progression_20260308_202542,unripe,4.0,26.736,unripe,4.0,29.514,657.0
2027-02-12 09:00:00,12,rabi_2026,Rabi (Nov-Feb 2026),synthetic,2027,2,43,6,9,dry_winter,89.375,unripe,4,513.0,21.375,864,36,59.375,77.717,14.625,351.0,False,28.2094,78.597,2.1582,447.1709,162.4784,0.0,0.8378,24.443,0.0,26.3873,76.9617,0.8189,1,1525.2886,generated,2,duration_shift,growth_progression_20260308_202542,unripe,4.0,62.153,unripe,4.0,64.931,351.0
2027-02-25 04:00:00,12,rabi_2026,Rabi (Nov-Feb 2026),synthetic,2027,2,56,8,4,dry_winter,102.1667,unripe,4,820.0,34.1667,864,36,94.907,88.841,1.8333,44.0,False,30.7162,62.1612,2.3418,389.3261,106.7861,1.0,1.7515,22.3863,0.0,27.933,69.7356,1.6727,1,1749.639,generated,2,duration_shift,growth_progression_20260308_202542,unripe,4.0,97.685,ripe,5.0,1.515,44.0
2027-03-09 23:00:00,12,rabi_2026,Rabi (Nov-Feb 2026),synthetic,2027,3,68,10,23,summer,114.9583,ripe,5,263.0,10.9583,264,11,99.621,99.964,0.0417,1.0,False,25.9522,77.6117,2.593,438.0595,0.0,0.0,0.6241,21.4286,0.0,28.6275,74.2712,0.7504,0,1979.0053,generated,2,duration_shift,growth_progression_20260308_202542,,,,,,,1.0
2026-03-10 00:00:00,13,summer_2026,Summer (Mar-Jun 2026),synthetic,2026,3,69,11,0,summer,0.0,seedling,0,0.0,0.0,288,12,0.0,0.0,12.0,288.0,False,26.7616,73.7817,1.4856,426.6042,0.0,0.0,0.8981,21.5954,0.0,26.7616,73.7817,0.9218,0,0.6984,generated,3,season_warp,growth_progression_20260308_202542,seedling,0.0,8.333,seedling,0.0,16.667,288.0
2026-03-21 05:00:00,13,summer_2026,Summer (Mar-Jun 2026),synthetic,2026,3,80,12,5,summer,11.2083,seedling,0,269.0,11.2083,288,12,93.403,11.097,0.7917,19.0,False,28.6748,75.6865,1.7608,450.5958,2.2858,0.0,0.9142,23.3389,0.0,31.0625,71.9683,0.9558,0,209.4288,generated,3,season_warp,growth_progression_20260308_202542,early_vegetative,1.0,0.992,early_vegetative,1.0,5.754,19.0
2026-04-01 10:00:00,13,summer_2026,Summer (Mar-Jun 2026),synthetic,2026,4,91,14,10,summer,22.4167,early_vegetative,1,250.0,10.4167,504,21,49.603,22.195,10.5833,254.0,False,26.1899,87.2853,1.7696,443.8917,3.2396,0.0,0.3586,24.2508,1.0,29.1522,81.6805,0.4322,0,424.7546,generated,3,season_warp,growth_progression_20260308_202542,early_vegetative,1.0,54.365,early_vegetative,1.0,59.127,254.0
2026-04-12 15:00:00,13,summer_2026,Summer (Mar-Jun 2026),synthetic,2026,4,102,15,15,summer,33.625,flowering_initiation,2,15.0,0.625,240,10,6.25,33.292,9.375,225.0,False,31.8244,69.9682,2.2691,456.4099,4.9301,0.0,1.3329,26.2044,0.0,32.937,68.5392,1.4138,0,642.1383,generated,3,season_warp,growth_progression_20260308_202542,flowering_initiation,2.0,16.25,flowering_initiation,2.0,26.25,225.0
2026-04-23 20:00:00,13,summer_2026,Summer (Mar-Jun 2026),synthetic,2026,4,113,17,20,summer,44.8333,flowering,3,44.0,1.8333,408,17,10.784,44.389,15.1667,364.0,False,27.3496,77.0499,1.7049,398.7238,1.7936,1.0,0.8348,22.9581,0.0,31.8221,74.2513,0.8352,0,863.1181,generated,3,season_warp,growth_progression_20260308_202542,flowering,3.0,16.667,flowering,3.0,22.549,364.0
2026-05-05 02:00:00,13,summer_2026,Summer (Mar-Jun 2026),synthetic,2026,5,125,19,2,summer,56.0833,flowering,3,314.0,13.0833,408,17,76.961,55.528,3.9167,94.0,False,34.2329,62.3009,2.2493,430.3347,179.9655,0.0,2.0439,26.9414,0.0,33.8941,60.5485,2.0315,1,1084.7458,generated,3,season_warp,growth_progression_20260308_202542,flowering,3.0,82.843,flowering,3.0,88.725,94.0
2026-05-16 07:00:00,13,summer_2026,Summer (Mar-Jun 2026),synthetic,2026,5,136,20,7,summer,67.2917,unripe,4,175.0,7.2917,744,31,23.522,66.625,23.7083,569.0,False,29.6864,75.2959,2.9451,437.9813,3.3985,0.0,0.8992,24.3404,0.0,30.4929,70.0846,1.0295,0,1300.8306,generated,3,season_warp,growth_progression_20260308_202542,unripe,4.0,26.747,unripe,4.0,29.973,569.0
2026-05-27 12:00:00,13,summer_2026,Summer (Mar-Jun 2026),synthetic,2026,5,147,22,12,summer,78.5,unripe,4,444.0,18.5,744,31,59.677,77.723,12.5,300.0,False,33.0401,65.6343,2.1828,446.5307,89.1933,0.0,1.8935,25.9741,0.0,33.6347,60.9979,1.7325,1,1518.0931,generated,3,season_warp,growth_progression_20260308_202542,unripe,4.0,62.903,unripe,4.0,66.129,300.0
2026-06-07 17:00:00,13,summer_2026,Summer (Mar-Jun 2026),synthetic,2026,6,158,23,17,southwest_monsoon,89.7083,unripe,4,713.0,29.7083,744,31,95.833,88.82,1.2917,31.0,False,35.0846,57.748,3.0466,456.3088,155.6296,0.0,2.3575,26.8394,0.0,33.206,58.9316,2.3868,1,1739.4736,generated,3,season_warp,growth_progression_20260308_202542,unripe,4.0,99.059,ripe,5.0,7.083,31.0
2026-06-18 23:00:00,13,summer_2026,Summer (Mar-Jun 2026),synthetic,2026,6,169,25,23,southwest_monsoon,100.9583,ripe,5,239.0,9.9583,240,10,99.583,99.959,0.0417,1.0,False,30.1511,61.4054,2.9421,436.418,2.6514,0.0,1.738,21.9364,0.0,33.4647,52.4712,1.6518,0,1962.7804,generated,3,season_warp,growth_progression_20260308_202542,,,,,,,1.0
2027-03-05 00:00:00,14,summer_2027,Summer (Mar-Jun 2027),synthetic,2027,3,64,9,0,summer,0.0,seedling,0,0.0,0.0,432,18,0.0,0.0,18.0,432.0,False,26.5164,74.3622,1.5668,420.2269,0.0,0.0,0.9646,21.4644,0.0,26.5164,74.3622,0.8885,0,0.6882,generated,3,duration_shift,growth_progression_20260308_202542,seedling,0.0,5.556,seedling,0.0,11.111,432.0
2027-03-18 10:00:00,14,summer_2027,Summer (Mar-Jun 2027),synthetic,2027,3,77,11,10,summer,13.4167,seedling,0,322.0,13.4167,432,18,74.537,11.088,4.5833,110.0,False,32.1435,78.6731,1.7995,419.5388,111.1811,0.0,1.1503,26.8741,0.0,31.1953,74.1333,1.0223,1,248.2936,generated,3,duration_shift,growth_progression_20260308_202542,seedling,0.0,80.093,seedling,0.0,85.648,110.0
2027-03-31 21:00:00,14,summer_2027,Summer (Mar-Jun 2027),synthetic,2027,3,90,13,21,summer,26.875,early_vegetative,1,213.0,8.875,672,28,31.696,22.211,19.125,459.0,False,30.17,48.8062,2.1234,387.413,0.0,1.0,2.2402,20.5372,0.0,32.2638,58.3994,2.1935,0,507.455,generated,3,duration_shift,growth_progression_20260308_202542,early_vegetative,1.0,35.268,early_vegetative,1.0,38.839,459.0
2027-04-14 07:00:00,14,summer_2027,Summer (Mar-Jun 2027),synthetic,2027,4,104,15,7,summer,40.2917,early_vegetative,1,535.0,22.2917,672,28,79.613,33.299,5.7083,137.0,False,31.7894,65.9375,1.6808,440.3398,93.2756,0.0,1.6241,26.2465,0.0,32.3613,65.1081,1.6004,1,763.9406,generated,3,duration_shift,growth_progression_20260308_202542,early_vegetative,1.0,83.185,early_vegetative,1.0,86.756,137.0
2027-04-27 18:00:00,14,summer_2027,Summer (Mar-Jun 2027),synthetic,2027,4,117,17,18,summer,53.75,flowering_initiation,2,186.0,7.75,288,12,64.583,44.421,4.25,102.0,False,32.8735,71.8248,1.8525,448.2927,0.0,0.0,1.2534,27.1548,0.0,33.2041,68.794,1.4072,0,1029.6561,generated,3,duration_shift,growth_progression_20260308_202542,flowering_initiation,2.0,72.917,flowering_initiation,2.0,81.25,102.0
2027-05-11 04:00:00,14,summer_2027,Summer (Mar-Jun 2027),synthetic,2027,5,131,19,4,summer,67.1667,flowering,3,220.0,9.1667,480,20,45.833,55.51,10.8333,260.0,False,30.6889,76.1474,1.9062,415.1306,58.8557,0.0,1.0002,26.2206,0.0,30.8206,73.7584,1.0528,1,1292.6199,generated,3,duration_shift,growth_progression_20260308_202542,flowering,3.0,50.833,flowering,3.0,55.833,260.0
2027-05-24 15:00:00,14,summer_2027,Summer (Mar-Jun 2027),synthetic,2027,5,144,21,15,summer,80.625,unripe,4,63.0,2.625,696,29,9.052,66.632,26.375,633.0,False,29.648,71.4284,2.6694,424.2714,3.5467,0.0,1.164,23.5668,0.0,30.8062,72.0736,1.1881,0,1553.682,generated,3,duration_shift,growth_progression_20260308_202542,unripe,4.0,12.5,unripe,4.0,15.948,633.0
2027-06-07 01:00:00,14,summer_2027,Summer (Mar-Jun 2027),synthetic,2027,6,158,23,1,southwest_monsoon,94.0417,unripe,4,385.0,16.0417,696,29,55.316,77.72,12.9583,311.0,False,33.1402,52.8424,1.6204,396.8192,11.862,1.0,2.4627,23.4902,0.0,32.8766,58.3321,2.3908,1,1813.8848,generated,3,duration_shift,growth_progression_20260308_202542,unripe,4.0,58.764,unripe,4.0,62.213,311.0
2027-06-20 12:00:00,14,summer_2027,Summer (Mar-Jun 2027),synthetic,2027,6,171,24,12,southwest_monsoon,107.5,ripe,5,12.0,0.5,336,14,3.571,88.843,13.5,324.0,False,38.006,49.9537,2.9956,397.5288,166.8851,1.0,3.3354,28.2729,0.0,33.1001,57.9405,3.3165,1,2080.2287,generated,3,duration_shift,growth_progression_20260308_202542,ripe,5.0,10.714,ripe,5.0,17.857,324.0
2027-07-03 23:00:00,14,summer_2027,Summer (Mar-Jun 2027),synthetic,2027,7,184,26,23,southwest_monsoon,120.9583,ripe,5,335.0,13.9583,336,14,99.702,99.966,0.0417,1.0,False,29.7895,59.9715,2.9795,432.1239,0.0,0.0,1.7872,22.5474,0.0,34.5869,51.3446,1.678,0,2347.4132,generated,3,duration_shift,growth_progression_20260308_202542,,,,,,,1.0
2027-03-15 00:00:00,15,summer_2027,Summer (Mar-Jun 2027),synthetic,2027,3,74,11,0,summer,0.0,seedling,0,0.0,0.0,312,13,0.0,0.0,13.0,312.0,False,26.4331,68.6433,1.4884,455.1387,0.0,0.0,0.9707,22.145,0.0,26.4331,68.6433,1.0813,0,0.6847,generated,3,parameter_jitter,growth_progression_20260308_202542,seedling,0.0,7.692,seedling,0.0,15.385,312.0
2027-03-27 05:00:00,15,summer_2027,Summer (Mar-Jun 2027),synthetic,2027,3,86,12,5,summer,12.2083,seedling,0,293.0,12.2083,312,13,93.91,11.098,0.7917,19.0,False,27.3154,77.3575,2.2096,436.7931,4.2303,0.0,0.7565,25.1482,0.0,31.0354,71.6481,0.8223,0,227.6207,generated,3,parameter_jitter,growth_progression_20260308_202542,early_vegetative,1.0,0.906,early_vegetative,1.0,5.254,19.0
2027-04-08 10:00:00,15,summer_2027,Summer (Mar-Jun 2027),synthetic,2027,4,98,14,10,summer,24.4167,early_vegetative,1,274.0,11.4167,552,23,49.638,22.197,11.5833,278.0,False,25.6457,86.5512,1.7688,426.6855,11.3888,0.0,0.3293,23.1157,1.0,29.3496,82.2989,0.4427,1,462.0259,generated,3,parameter_jitter,growth_progression_20260308_202542,early_vegetative,1.0,53.986,early_vegetative,1.0,58.333,278.0
2027-04-20 15:00:00,15,summer_2027,Summer (Mar-Jun 2027),synthetic,2027,4,110,16,15,summer,36.625,flowering_initiation,2,15.0,0.625,240,10,6.25,33.295,9.375,225.0,False,31.7388,68.1104,2.3925,476.4454,0.0,0.0,1.1742,25.907,0.0,32.9361,68.8687,1.494,0,698.5911,generated,3,parameter_jitter,growth_progression_20260308_202542,flowering_initiation,2.0,16.25,flowering_initiation,2.0,26.25,225.0
2027-05-02 20:00:00,15,summer_2027,Summer (Mar-Jun 2027),synthetic,2027,5,122,17,20,summer,48.8333,flowering,3,68.0,2.8333,432,18,15.741,44.394,15.1667,364.0,False,27.9431,83.2494,1.6589,401.5625,0.0,0.0,0.9221,24.3811,0.0,31.5782,75.6314,0.6311,0,938.86,generated,3,parameter_jitter,growth_progression_20260308_202542,flowering,3.0,21.296,flowering,3.0,26.852,364.0
2027-05-15 02:00:00,15,summer_2027,Summer (Mar-Jun 2027),synthetic,2027,5,135,19,2,summer,61.0833,flowering,3,362.0,15.0833,432,18,83.796,55.53,2.9167,70.0,False,29.9256,80.1955,2.3858,432.0177,3.8099,0.0,0.8345,26.3544,0.0,32.9514,69.2409,0.8367,0,1180.2194,generated,3,parameter_jitter,growth_progression_20260308_202542,flowering,3.0,89.352,flowering,3.0,94.907,70.0
2027-05-27 07:00:00,15,summer_2027,Summer (Mar-Jun 2027),synthetic,2027,5,147,21,7,summer,73.2917,unripe,4,223.0,9.2917,864,36,25.81,66.629,26.7083,641.0,False,31.9516,64.7005,2.9621,370.6652,113.0131,1.0,1.6575,27.0324,0.0,29.1288,74.5779,1.6738,1,1413.3966,generated,3,parameter_jitter,growth_progression_20260308_202542,unripe,4.0,28.588,unripe,4.0,31.366,641.0
2027-06-08 12:00:00,15,summer_2027,Summer (Mar-Jun 2027),synthetic,2027,6,159,23,12,southwest_monsoon,85.5,unripe,4,516.0,21.5,864,36,59.722,77.727,14.5,348.0,False,32.1507,66.3935,2.426,441.8333,88.9836,0.0,1.7859,26.725,0.0,33.4012,60.6778,1.6116,1,1650.0087,generated,3,parameter_jitter,growth_progression_20260308_202542,unripe,4.0,62.5,unripe,4.0,65.278,348.0
2027-06-20 17:00:00,15,summer_2027,Summer (Mar-Jun 2027),synthetic,2027,6,171,24,17,southwest_monsoon,97.7083,unripe,4,809.0,33.7083,864,36,93.634,88.826,2.2917,55.0,False,28.8935,67.665,3.8478,428.1481,0.0,0.0,1.2189,22.1856,0.0,32.335,61.4506,1.2873,0,1890.5465,generated,3,parameter_jitter,growth_progression_20260308_202542,unripe,4.0,96.412,unripe,4.0,99.19,55.0
2027-07-02 23:00:00,15,summer_2027,Summer (Mar-Jun 2027),synthetic,2027,7,183,26,23,southwest_monsoon,109.9583,ripe,5,239.0,9.9583,240,10,99.583,99.962,0.0417,1.0,False,30.1513,59.247,2.8685,442.4265,5.675,0.0,1.6722,21.9609,0.0,33.2611,52.4459,1.7442,1,2133.8058,generated,3,parameter_jitter,growth_progression_20260308_202542,,,,,,,1.0
2028-03-01 00:00:00,16,summer_2028,Summer (Mar-Jun 2028),synthetic,2028,3,61,9,0,summer,0.0,seedling,0,0.0,0.0,336,14,0.0,0.0,14.0,336.0,False,27.871,75.8812,1.8263,428.0713,1.244,0.0,0.9476,22.1728,0.0,27.871,75.8812,0.9048,0,0.7446,generated,3,cross_season_blend,growth_progression_20260308_202542,seedling,0.0,7.143,seedling,0.0,14.286,336.0
2028-03-13 02:00:00,16,summer_2028,Summer (Mar-Jun 2028),synthetic,2028,3,73,11,2,summer,12.0833,seedling,0,290.0,12.0833,336,14,86.31,11.086,1.9167,46.0,False,33.6172,69.1078,1.5909,418.469,125.6404,0.0,1.5827,27.2183,0.0,31.476,70.9643,1.6085,1,235.5022,generated,3,cross_season_blend,growth_progression_20260308_202542,seedling,0.0,93.452,early_vegetative,1.0,0.309,46.0
2028-03-25 05:00:00,16,summer_2028,Summer (Mar-Jun 2028),synthetic,2028,3,85,12,5,summer,24.2083,early_vegetative,1,245.0,10.2083,648,27,37.809,22.209,16.7917,403.0,False,29.6025,70.0466,2.1679,444.5411,0.0,0.0,1.2376,23.4699,0.0,31.8136,61.1365,1.2423,0,470.4635,generated,3,cross_season_blend,growth_progression_20260308_202542,early_vegetative,1.0,41.512,early_vegetative,1.0,45.216,403.0
2028-04-06 07:00:00,16,summer_2028,Summer (Mar-Jun 2028),synthetic,2028,4,97,14,7,summer,36.2917,early_vegetative,1,535.0,22.2917,648,27,82.562,33.295,4.7083,113.0,False,37.4605,57.9558,2.2177,398.8108,230.536,1.0,2.6343,29.8132,0.0,31.71,66.3763,2.7051,1,704.7604,generated,3,cross_season_blend,growth_progression_20260308_202542,early_vegetative,1.0,86.265,early_vegetative,1.0,89.969,113.0
2028-04-18 10:00:00,16,summer_2028,Summer (Mar-Jun 2028),synthetic,2028,4,109,16,10,summer,48.4167,flowering_initiation,2,178.0,7.4167,216,9,82.407,44.419,1.5833,38.0,False,27.2973,81.6615,1.5982,414.4086,0.7934,0.0,0.6713,24.0639,0.4,31.156,76.6702,0.6653,0,943.1568,generated,3,cross_season_blend,growth_progression_20260308_202542,flowering_initiation,2.0,93.519,flowering,3.0,2.604,38.0
2028-04-30 12:00:00,16,summer_2028,Summer (Mar-Jun 2028),synthetic,2028,4,121,17,12,summer,60.5,flowering,3,252.0,10.5,384,16,65.625,55.505,5.5,132.0,False,35.1148,57.2765,1.7391,392.5104,167.6306,1.0,2.5475,27.3283,0.0,32.7524,63.9854,2.4175,1,1180.4256,generated,3,cross_season_blend,growth_progression_20260308_202542,flowering,3.0,71.875,flowering,3.0,78.125,132.0
2028-05-12 15:00:00,16,summer_2028,Summer (Mar-Jun 2028),synthetic,2028,5,133,19,15,summer,72.625,unripe,4,159.0,6.625,696,29,22.845,66.628,22.375,537.0,False,34.8995,56.7065,2.9824,389.4341,126.7917,1.0,2.5044,26.5936,0.0,31.8138,65.088,2.4208,1,1419.2744,generated,3,cross_season_blend,growth_progression_20260308_202542,unripe,4.0,26.293,unripe,4.0,29.741,537.0
2028-05-24 17:00:00,16,summer_2028,Summer (Mar-Jun 2028),synthetic,2028,5,145,21,17,summer,84.7083,unripe,4,449.0,18.7083,696,29,64.511,77.714,10.2917,247.0,False,34.2902,54.3433,1.9731,424.4573,101.8973,0.0,2.5025,25.1011,0.0,33.5326,59.1788,2.4681,1,1660.1207,generated,3,cross_season_blend,growth_progression_20260308_202542,unripe,4.0,67.96,unripe,4.0,71.408,247.0
2028-06-05 20:00:00,16,summer_2028,Summer (Mar-Jun 2028),synthetic,2028,6,157,23,20,southwest_monsoon,96.8333,ripe,5,44.0,1.8333,336,14,13.095,88.838,12.1667,292.0,False,32.0866,62.7378,2.4851,401.1026,48.8109,0.0,1.909,25.0466,0.4,30.8826,67.4707,1.7804,1,1898.8398,generated,3,cross_season_blend,growth_progression_20260308_202542,ripe,5.0,20.238,ripe,5.0,27.381,292.0
2028-06-17 23:00:00,16,summer_2028,Summer (Mar-Jun 2028),synthetic,2028,6,169,24,23,southwest_monsoon,108.9583,ripe,5,335.0,13.9583,336,14,99.702,99.962,0.0417,1.0,False,28.8379,73.1723,2.3467,437.9872,0.6914,0.0,1.1353,23.7979,0.4,32.5241,63.9165,1.0646,0,2136.6032,generated,3,cross_season_blend,growth_progression_20260308_202542,,,,,,,1.0
